name,price,link
Telefone Sem Fio Intelbras Ts 2510 Preto,128.0,https://click1.mercadolivre.com.br/mclics/clicks/external/MLB/count?a=9GWFUqQm5B0fUAEA0%2FIzvAkI%2FEhHBN331DhwbcTyGBoXQO1Ifbee9lDEU%2B1pSRNZWQK6ANygGoD4xgAmrdrTSARibUeIGRIMSHnx4JPHjveNBtXes9aiTpkroqDvWMP6WFAaU3IwzM2QPQ78OnrKnjLKsom8SABYY3tO4knS3LEa04JeOMPFVrMR%2FXGeig2fQQXeqpvqvRmz7OJ0uUkPxiY5Zi8rmTPWe7WnNMm%2Fph8o9AboY20b3GtBOz7zLNCuTcu3Y1qNgRngS9%2FQl6i3hMsDItbTR82yxcpuztvpJY%2Bmt8jJKiiYx2TBsHHw4vIaUdNl73OySWETdNJ8HzacpCK%2FKDlk7htist%2FO20rZz%2BcRgDsRflV7Cd8hQRR1wKJxYNc1DwTwbx5RDcFvJR4KF%2F1iRYI61zXSK0sp%2BRrCNG1l1GBQfu%2FJ2d2ZrfY45kYD3o%2FpEjGXgqUR1f4BnmQ7V5LuYAQpdvPPSWvh9yvD4WZyuJxSSb1p1rxlApgO3CISPCxhmSjOYY1HVUZB72gqFIt0%2BiG1jptL2BZcqt2foTSIoCXw2I80AtbO57n9uw6vma1dPBh6s1BiOB%2B%2B76lGBAo1RhL5u8tQhLkBOvLvCoE0x%2BQpuY0CYsPZm%2FheUEt1%2B%2B5rLtsbwfceNJJePjpbFouFKq80GaeCQ2%2B8ln8hNOlhK2jH3NlAkjyrgCV8SnwPj%2ByfGtjLvC5EXGOJ2FXibtLGjio6p1%2FLaX1sA8%2BzbEdLyaLus%2BDh8ttXWQDnHYpX3x7faV93U7mSCuzNgiN57Rzvf1YcJul44D97AkfF9oT6aHwGRcGZ88yIRtzfM4y%2F4Dx%2Bh3hN6o5ZLA4oJq5JzV6MFsZoBexxylWZoeHCSmESYEtoUbPIyAuLm9dFTH0RZ%2BE637gqr%2FDECjnsvWCVZYCriHJTtIRZwYuG6%2F7G#polycard_client=search-nordic&tracking_id=4e3bc5ca-7b67-4909-b00b-b9379c0b63bf&wid=MLB4449840590&sid=search
Telefone Sem Fio Intelbras Ts 2510 Preto,128.0,https://click1.mercadolivre.com.br/mclics/clicks/external/MLB/count?a=9GWFUqQm5B0fUAEA0%2FIzvAkI%2FEhHBN331DhwbcTyGBoXQO1Ifbee9lDEU%2B1pSRNZWQK6ANygGoD4xgAmrdrTSARibUeIGRIMSHnx4JPHjveNBtXes9aiTpkroqDvWMP6WFAaU3IwzM2QPQ78OnrKnjLKsom8SABYY3tO4knS3LEa04JeOMPFVrMR%2FXGeig2fQQXeqpvqvRmz7OJ0uUkPxiY5Zi8rmTPWe7WnNMm%2Fph8o9AboY20b3GtBOz7zLNCuTcu3Y1qNgRngS9%2FQl6i3hMsDItbTR82yxcpuztvpJY%2Bmt8jJKiiYx2TBsHHw4vIaUdNl73OySWETdNJ8HzacpCK%2FKDlk7htist%2FO20rZz%2BcRgDsRflV7Cd8hQRR1wKJxYNc1DwTwbx5RDcFvJR4KF%2F1iRYI61zXSK0sp%2BRrCNG1l1GBQfu%2FJ2d2ZrfY45kYD3o%2FpEjGXgqUR1f4BnmQ7V5LuYAQpdvPPSWvh9yvD4WZyuJxSSb1p1rxlApgO3CISPCxhmSjOYY1HVUZB72gqFIt0%2BiG1jptL2BZcqt2foTSIoCXw2I80AtbO57n9uw6vma1dPBh6s1BiOB%2B%2B76lGBAo1RhL5u8tQhLkBOvLvCoE0x%2BQpuY0CYsPZm%2FheUEt1%2B%2B5rLtsbwfceNJJePjpbFouFKq80GaeCQ2%2B8ln8hNOlhK2jH3NlAkjyrgCV8SnwPj%2ByfGtjLvC5EXGOJ2FXibtLGjio6p1%2FLaX1sA8%2BzbEdLyaLus%2BDh8ttXWQDnHYpX3x7faV93U7mSCuzNgiN57Rzvf1YcJul44D97AkfF9oT6aHwGRcGZ88yIRtzfM4y%2F4Dx%2Bh3hN6o5ZLA4oJq5JzV6MFsZoBexxylWZoeHCSmESYEtoUbPIyAuLm9dFTH0RZ%2BE637gqr%2FDECjnsvWCVZYCriHJTtIRZwYuG6%2F7G#polycard_client=search-nordic&tracking_id=4e3bc5ca-7b67-4909-b00b-b9379c0b63bf&wid=MLB4449840590&sid=search
Telefone Sem Fio Intelbras Ts 3110 Preto Visor Luminoso Com Identificação de Chamadas,141.0,https://www.mercadolivre.com.br/telefone-sem-fio-intelbras-ts-3110-preto-visor-luminoso-com-identificaco-de-chamadas/p/MLB7979276#polycard_client=search-nordic&searchVariation=MLB7979276&wid=MLB3302479209&position=55&search_layout=stack&type=product&tracking_id=4e3bc5ca-7b67-4909-b00b-b9379c0b63bf&sid=search
Telefone Sem Fio Intelbras Ts 3110 Preto Visor Luminoso Com Identificação de Chamadas,141.0,https://www.mercadolivre.com.br/telefone-sem-fio-intelbras-ts-3110-preto-visor-luminoso-com-identificaco-de-chamadas/p/MLB7979276#polycard_client=search-nordic&searchVariation=MLB7979276&wid=MLB3302479209&position=55&search_layout=stack&type=product&tracking_id=4e3bc5ca-7b67-4909-b00b-b9379c0b63bf&sid=search
Celular Realme Note 60 Dual Sim 128 Gb 4 Gb Ram Preto,699.0,https://click1.mercadolivre.com.br/mclics/clicks/external/MLB/count?a=v2scMbD%2Bx4z0kp16KXby8%2BVqItVpALcoONSU%2FbPKNWb4w8mRsUJGxrph4nAwIvko6VqxUfZyzaBNlLn6jTZmxT9%2FLKAf0l20ARi99thVSFF2a%2BQ4Tl5RsxldYuQ%2BPh%2FhPzF45J6EIT9oUXGM6zXuj85GqkY%2BGLbILcSEYaT7MpR0tlbUaT6Mc6IwigBtx9Ag3O4pSnKJ5pkp0Dv7929wtUxwqh9SiJBesvFYJyXLXpVF1mDtbvoXTgQK866am1aEP3nrcQglq6aS1M7gabN3I7dp998nnap0kJ%2FgSFgpjv%2Fa6qETo8Smw0XSF7UOFfMPf%2FdU3zFP8Qwsd126t17KkE8Au8se6VndBA1QEGNCepeCnF18xkZT3VCm%2FDZWBlqaE%2B0zhpuSPGkuC%2Fov3HBFMcD1gHSCIQfIXxv9Ldnufd%2B9RW2b50i0E2E4LGA2%2Ft8ArFdZ%2BFWH13jJ4NqRTrndKkHQ55xCPHs1eMeTu3dosoK%2BpatzJrcwkHlbU9Sn3nZewewpqk6yj9HwKbi0SFUAofNl7YY5YoyJN5s9kwsZi5Yv6VWZFt1Hb32p4GsIp7jo2bsQ1W0V4X2rxCAfqy1R75SQfzxhU3vlaEbev1Y73UFoUbrYHyGZectHIQVszwmb%2Ftl%2BtgQ9WvVLOoTwFAUszYepqM7zWjr3fw2JPCAFOLCnMQyzPi5gS3a9y%2Bp%2BGK5LrwJMOWr3M%2FnnsJQX35FaWRtMMNhGZahIWD75iTFF1J0722cAeCLlxoYDQHSv5krW5Jyk4f3843rNWRc8NEP%2FVgjkq1yBpPa%2F4lOiazPLLJpuPaxDxzN%2F0ttBZWTEAcM44HRQ2APRVEf%2B4Wad6DnZC9ItvZZEf5nD7SfYQz%2FtQ4im1ovDOeejOGXhTpvHI4hDSp1%2BtoZbdtgTy3ZceTKkrRy%2BpjWRF%2BXOecWgcuGYMNMiHmY0v0IStQ0J#polycard_client=search-nordic&tracking_id=72944374-18a7-4519-b874-ec2049f97e1c&wid=MLB3967059973&sid=search
Celular Realme Note 60 Dual Sim 128 Gb 4 Gb Ram Preto,699.0,https://click1.mercadolivre.com.br/mclics/clicks/external/MLB/count?a=v2scMbD%2Bx4z0kp16KXby8%2BVqItVpALcoONSU%2FbPKNWb4w8mRsUJGxrph4nAwIvko6VqxUfZyzaBNlLn6jTZmxT9%2FLKAf0l20ARi99thVSFF2a%2BQ4Tl5RsxldYuQ%2BPh%2FhPzF45J6EIT9oUXGM6zXuj85GqkY%2BGLbILcSEYaT7MpR0tlbUaT6Mc6IwigBtx9Ag3O4pSnKJ5pkp0Dv7929wtUxwqh9SiJBesvFYJyXLXpVF1mDtbvoXTgQK866am1aEP3nrcQglq6aS1M7gabN3I7dp998nnap0kJ%2FgSFgpjv%2Fa6qETo8Smw0XSF7UOFfMPf%2FdU3zFP8Qwsd126t17KkE8Au8se6VndBA1QEGNCepeCnF18xkZT3VCm%2FDZWBlqaE%2B0zhpuSPGkuC%2Fov3HBFMcD1gHSCIQfIXxv9Ldnufd%2B9RW2b50i0E2E4LGA2%2Ft8ArFdZ%2BFWH13jJ4NqRTrndKkHQ55xCPHs1eMeTu3dosoK%2BpatzJrcwkHlbU9Sn3nZewewpqk6yj9HwKbi0SFUAofNl7YY5YoyJN5s9kwsZi5Yv6VWZFt1Hb32p4GsIp7jo2bsQ1W0V4X2rxCAfqy1R75SQfzxhU3vlaEbev1Y73UFoUbrYHyGZectHIQVszwmb%2Ftl%2BtgQ9WvVLOoTwFAUszYepqM7zWjr3fw2JPCAFOLCnMQyzPi5gS3a9y%2Bp%2BGK5LrwJMOWr3M%2FnnsJQX35FaWRtMMNhGZahIWD75iTFF1J0722cAeCLlxoYDQHSv5krW5Jyk4f3843rNWRc8NEP%2FVgjkq1yBpPa%2F4lOiazPLLJpuPaxDxzN%2F0ttBZWTEAcM44HRQ2APRVEf%2B4Wad6DnZC9ItvZZEf5nD7SfYQz%2FtQ4im1ovDOeejOGXhTpvHI4hDSp1%2BtoZbdtgTy3ZceTKkrRy%2BpjWRF%2BXOecWgcuGYMNMiHmY0v0IStQ0J#polycard_client=search-nordic&tracking_id=72944374-18a7-4519-b874-ec2049f97e1c&wid=MLB3967059973&sid=search
Smartphone Motorola Moto g04s - 128GB 8GB (4GB RAM+4GB Ram Boost) AI Camera 16MP sensor FPS lateral - Grafite,899.0,https://www.mercadolivre.com.br/smartphone-motorola-moto-g04s-128gb-8gb-4gb-ram4gb-ram-boost-ai-camera-16mp-sensor-fps-lateral-grafite/p/MLB36337531#polycard_client=search-nordic&searchVariation=MLB36337531&wid=MLB3683512465&position=3&search_layout=stack&type=product&tracking_id=545a0c29-3608-481a-9f16-60628ca1be08&sid=search
Smartphone Motorola Moto g04s - 128GB 8GB (4GB RAM+4GB Ram Boost) AI Camera 16MP sensor FPS lateral - Grafite,899.0,https://www.mercadolivre.com.br/smartphone-motorola-moto-g04s-128gb-8gb-4gb-ram4gb-ram-boost-ai-camera-16mp-sensor-fps-lateral-grafite/p/MLB36337531#polycard_client=search-nordic&searchVariation=MLB36337531&wid=MLB3683512465&position=3&search_layout=stack&type=product&tracking_id=545a0c29-3608-481a-9f16-60628ca1be08&sid=search
Smartphone Motorola Moto g04s - 128GB 8GB (4GB RAM+4GB Ram Boost) AI Camera 16MP sensor FPS lateral - Grafite,899.0,https://www.mercadolivre.com.br/smartphone-motorola-moto-g04s-128gb-8gb-4gb-ram4gb-ram-boost-ai-camera-16mp-sensor-fps-lateral-grafite/p/MLB36337531#polycard_client=search-nordic&searchVariation=MLB36337531&wid=MLB3683512465&position=3&search_layout=stack&type=product&tracking_id=4e3bc5ca-7b67-4909-b00b-b9379c0b63bf&sid=search
Smartphone Motorola Moto g04s - 128GB 8GB (4GB RAM+4GB Ram Boost) AI Camera 16MP sensor FPS lateral - Grafite,899.0,https://www.mercadolivre.com.br/smartphone-motorola-moto-g04s-128gb-8gb-4gb-ram4gb-ram-boost-ai-camera-16mp-sensor-fps-lateral-grafite/p/MLB36337531#polycard_client=search-nordic&searchVariation=MLB36337531&wid=MLB3683512465&position=3&search_layout=stack&type=product&tracking_id=4e3bc5ca-7b67-4909-b00b-b9379c0b63bf&sid=search
Smartphone Motorola Moto g34 5G - 128GB 8GB (4GB RAM+4GB Ram Boost) AI Camera 50MP NFC - Azul,1048.0,https://www.mercadolivre.com.br/smartphone-motorola-moto-g34-5g-128gb-8gb-4gb-ram4gb-ram-boost-ai-camera-50mp-nfc-azul/p/MLB29736240#polycard_client=search-nordic&searchVariation=MLB29736240&wid=MLB5351283174&position=8&search_layout=stack&type=product&tracking_id=72944374-18a7-4519-b874-ec2049f97e1c&sid=search
Smartphone Motorola Moto g34 5G - 128GB 8GB (4GB RAM+4GB Ram Boost) AI Camera 50MP NFC - Azul,1048.0,https://www.mercadolivre.com.br/smartphone-motorola-moto-g34-5g-128gb-8gb-4gb-ram4gb-ram-boost-ai-camera-50mp-nfc-azul/p/MLB29736240#polycard_client=search-nordic&searchVariation=MLB29736240&wid=MLB5351283174&position=8&search_layout=stack&type=product&tracking_id=72944374-18a7-4519-b874-ec2049f97e1c&sid=search
Smartphone Motorola Moto g34 5G - 128GB 8GB (4GB RAM+4GB Ram Boost) AI Camera 50MP NFC - Azul,1048.0,https://www.mercadolivre.com.br/smartphone-motorola-moto-g34-5g-128gb-8gb-4gb-ram4gb-ram-boost-ai-camera-50mp-nfc-azul/p/MLB29736240#polycard_client=search-nordic&searchVariation=MLB29736240&wid=MLB5351283174&position=8&search_layout=stack&type=product&tracking_id=545a0c29-3608-481a-9f16-60628ca1be08&sid=search
Smartphone Motorola Moto g34 5G - 128GB 8GB (4GB RAM+4GB Ram Boost) AI Camera 50MP NFC - Azul,1048.0,https://www.mercadolivre.com.br/smartphone-motorola-moto-g34-5g-128gb-8gb-4gb-ram4gb-ram-boost-ai-camera-50mp-nfc-azul/p/MLB29736240#polycard_client=search-nordic&searchVariation=MLB29736240&wid=MLB5351283174&position=8&search_layout=stack&type=product&tracking_id=545a0c29-3608-481a-9f16-60628ca1be08&sid=search
Smartphone Motorola Moto g34 5G - 128GB 8GB (4GB RAM+4GB Ram Boost) AI Camera 50MP NFC - Azul,1048.0,https://www.mercadolivre.com.br/smartphone-motorola-moto-g34-5g-128gb-8gb-4gb-ram4gb-ram-boost-ai-camera-50mp-nfc-azul/p/MLB29736240#polycard_client=search-nordic&searchVariation=MLB29736240&wid=MLB5351283174&position=8&search_layout=stack&type=product&tracking_id=bafdd6a7-61ce-4f26-ba01-caaa1abe5392&sid=search
Smartphone Motorola Moto g34 5G - 128GB 8GB (4GB RAM+4GB Ram Boost) AI Camera 50MP NFC - Azul,1048.0,https://www.mercadolivre.com.br/smartphone-motorola-moto-g34-5g-128gb-8gb-4gb-ram4gb-ram-boost-ai-camera-50mp-nfc-azul/p/MLB29736240#polycard_client=search-nordic&searchVariation=MLB29736240&wid=MLB5351283174&position=8&search_layout=stack&type=product&tracking_id=bafdd6a7-61ce-4f26-ba01-caaa1abe5392&sid=search
Smartphone Motorola Moto g24 - 128GB 8GB (4GB RAM+4GB Ram Boost) AI Camera 50MP Night Vision - Grafite,1099.0,https://click1.mercadolivre.com.br/mclics/clicks/external/MLB/count?a=NtN3zFaZu%2Fn%2F%2BzuzaJBdVkOcBdvofDVl1JvONzgTsTMdF5OkTd8o1FPr8NDbcFFxsaaL3ATzZ%2F86my0FUjqp7jVPzFwTXBVQcFWRrNOf1IkCDc5eVyXfqBQtKj6nmpzEa2Ue%2FMbfxX6Je94ltXevNydzqaW1tVtT6qD1f%2FHPx3ctwGzlRKHk9o%2B5HwQbz%2F7sGc8wXzzo1xKEMTKiTag%2F9PzIXPqVaEVtH6XERkNJX3dfymeoexr0rSBWyqkO%2FLfrE%2BEkuSMoUmI01QEwGe%2BvTUgrI4eupxEaWgzRmqQOGseL4gsxMn7BvUZDiMbanJ1TlW3%2B5g3TjV%2BTwpLFmdwAUVzykpiScbiF6RnuROpguGzEJQTILS%2Bw%2BdgnSPLQjZVqCGgXrM4T4bnk03H6vLG4KRK6mkRJLDlK1sd95vnzwZBKub%2BlbvggTXUIppQzXhl68QOu651RYeLnbg%2BoW8SmsjcYmMTfNXkzFCDM005RprU5tPZrfGTqRi%2FHkKYRvHR02gpdjNg7O04jFzqN61G1zkX%2FjbblD0YecFrlaP6JTgt%2FU8T6sCn%2Fj4%2BnL5WAHStRb80JBhLqq4OXl0H3OOv434Hjy5FvgAwtao568NpAtTQ1biUQLaQPAfoJqiMykkdXbleFk6oENaAytvwOjmklGOkp06nAYkHImLblIGGNLnbuFF1D69VCHhQHfiSZcRiPSRLMnY3MuyC%2BEgn3JEVzGPeDYylR7mJhLjwxy2k7iJ%2FmxvCxldmXP2b1D%2B6fNnVugsVejXc6TRV9P7AT3d6fJFkdP0PtV4SYR6HafQzOTSRZ6JySHvhdmaUbXYx6qKBpofblRWd%2Fgc8O0bZ%2BoyYhjiAkhdaULlwPMF5j89mt2mqRNCPPqK%2FSAqUmC6dBa2LvhnNAEfVWJGxV3MYos%2BKJ4cPwuFtnOzG373bu49ZKxTWtGgvPlQvheW%2FgSaD5ZAHsTDnlIyujZ2kT4CgRAnfIhPFuXBaz%2F9h%2FH2F9%2FnR1pRVILw0%3D#polycard_client=search-nordic&tracking_id=72944374-18a7-4519-b874-ec2049f97e1c&wid=MLB4484765054&sid=search
Smartphone Motorola Moto g24 - 128GB 8GB (4GB RAM+4GB Ram Boost) AI Camera 50MP Night Vision - Grafite,1099.0,https://click1.mercadolivre.com.br/mclics/clicks/external/MLB/count?a=NtN3zFaZu%2Fn%2F%2BzuzaJBdVkOcBdvofDVl1JvONzgTsTMdF5OkTd8o1FPr8NDbcFFxsaaL3ATzZ%2F86my0FUjqp7jVPzFwTXBVQcFWRrNOf1IkCDc5eVyXfqBQtKj6nmpzEa2Ue%2FMbfxX6Je94ltXevNydzqaW1tVtT6qD1f%2FHPx3ctwGzlRKHk9o%2B5HwQbz%2F7sGc8wXzzo1xKEMTKiTag%2F9PzIXPqVaEVtH6XERkNJX3dfymeoexr0rSBWyqkO%2FLfrE%2BEkuSMoUmI01QEwGe%2BvTUgrI4eupxEaWgzRmqQOGseL4gsxMn7BvUZDiMbanJ1TlW3%2B5g3TjV%2BTwpLFmdwAUVzykpiScbiF6RnuROpguGzEJQTILS%2Bw%2BdgnSPLQjZVqCGgXrM4T4bnk03H6vLG4KRK6mkRJLDlK1sd95vnzwZBKub%2BlbvggTXUIppQzXhl68QOu651RYeLnbg%2BoW8SmsjcYmMTfNXkzFCDM005RprU5tPZrfGTqRi%2FHkKYRvHR02gpdjNg7O04jFzqN61G1zkX%2FjbblD0YecFrlaP6JTgt%2FU8T6sCn%2Fj4%2BnL5WAHStRb80JBhLqq4OXl0H3OOv434Hjy5FvgAwtao568NpAtTQ1biUQLaQPAfoJqiMykkdXbleFk6oENaAytvwOjmklGOkp06nAYkHImLblIGGNLnbuFF1D69VCHhQHfiSZcRiPSRLMnY3MuyC%2BEgn3JEVzGPeDYylR7mJhLjwxy2k7iJ%2FmxvCxldmXP2b1D%2B6fNnVugsVejXc6TRV9P7AT3d6fJFkdP0PtV4SYR6HafQzOTSRZ6JySHvhdmaUbXYx6qKBpofblRWd%2Fgc8O0bZ%2BoyYhjiAkhdaULlwPMF5j89mt2mqRNCPPqK%2FSAqUmC6dBa2LvhnNAEfVWJGxV3MYos%2BKJ4cPwuFtnOzG373bu49ZKxTWtGgvPlQvheW%2FgSaD5ZAHsTDnlIyujZ2kT4CgRAnfIhPFuXBaz%2F9h%2FH2F9%2FnR1pRVILw0%3D#polycard_client=search-nordic&tracking_id=72944374-18a7-4519-b874-ec2049f97e1c&wid=MLB4484765054&sid=search
Smartphone Motorola Moto g24 - 128GB 8GB (4GB RAM+4GB Ram Boost) AI Camera 50MP Night Vision - Grafite,1099.0,https://click1.mercadolivre.com.br/mclics/clicks/external/MLB/count?a=KYrb%2B2sMYlVDrw7iBqlLabMBUthq7zjLZsxhjMmWjFFl0d4BSQ6rHmMWqZbbnajFtzTIVsc8m6n6BR4IZgAjNQUw1KZlbLVhBaTKHVqNwPy8%2FWzqEeVvQKSk%2Ffz6YPNIBBW6RpXjmWoDsSEJvebobC5En1Pdc%2BZJUqXgysJXU90FKwdEkbtoNhmxNiRVQolDSF4nY3vVxAgT9t%2F1GtwLCJrLudzvVSdjamInHZPHuOwmw0kNdPnqZ%2FbSwSVF9SScQ8pukqu94tiIGt4OSoppMSua5o%2BydNLMaUuTYMEzHGhpZ5HSYSD75KFXBtAW3%2FzdMzT%2Fkqcs2le3O917CsrV3SvZ5oC%2BX5CD5fWPygr5ZGZvcFzNPjQdQk4NzdH%2F02NR%2BQwFOpTn8XcCNeMRHfu9ETq7ixdA82DqbzqxkG%2FY1a1BVNi0yIVX1%2FbqXDYZznfG2FpUyN6oDwqI1gO4mEYYEAjxCLSIeCgkFrcmRbTFYGTRVMiqMz%2B0TrrYMZU2S0Dp6tVnEl6Qwhf3pbo3T4QU%2Fx%2BLdfNqOxLkBRFsHQJUPhZArXjcayDak%2FklC1Ll9r6iB2VTJ6WqIrdm22p%2FWzfkp19z6JDm6M0H2M9mQ458WcSUSnhM2ZxvZL8ceeqeLXwy9C8rN9TKOymcNnpwEIBeAv%2FH%2B7seCG%2BBO%2BG%2B6nLn7QLIsZpgLMr3dMXgCzTplWT1ZC9QKBWG8vJQkHZV2g%2Fr%2FKhRSAkj17lSUxWLgvAa0cotMZAb5UNVkt2BiEzTzbthfe8%2BbfY6zHkrXUVMQrMM5Rc2Fq%2F4nT0lQf%2FraOrzPjeN8FWGhD19aNr1QWy5Yj8dmk7o8j%2Bd51NZ4Fr51WpUpPIg%2FWMtfhaGMfOgCdi9qm2R0TF9F4ufxfUMHx0JntBzUXPUtNtCr%2FUYSgSen3vBMipBhHyIB8OoN3T7%2Fpg1UmUE0lVOFPjYkBTRF8ZHxYM5vEFhRE5Bf%2F9p8PP6JhmuUPXPlsbXn6MhgjV%2F5xf7WfvdbA%3D%3D#polycard_client=search-nordic&tracking_id=545a0c29-3608-481a-9f16-60628ca1be08&wid=MLB4484765054&sid=search
Smartphone Motorola Moto g24 - 128GB 8GB (4GB RAM+4GB Ram Boost) AI Camera 50MP Night Vision - Grafite,1099.0,https://click1.mercadolivre.com.br/mclics/clicks/external/MLB/count?a=KYrb%2B2sMYlVDrw7iBqlLabMBUthq7zjLZsxhjMmWjFFl0d4BSQ6rHmMWqZbbnajFtzTIVsc8m6n6BR4IZgAjNQUw1KZlbLVhBaTKHVqNwPy8%2FWzqEeVvQKSk%2Ffz6YPNIBBW6RpXjmWoDsSEJvebobC5En1Pdc%2BZJUqXgysJXU90FKwdEkbtoNhmxNiRVQolDSF4nY3vVxAgT9t%2F1GtwLCJrLudzvVSdjamInHZPHuOwmw0kNdPnqZ%2FbSwSVF9SScQ8pukqu94tiIGt4OSoppMSua5o%2BydNLMaUuTYMEzHGhpZ5HSYSD75KFXBtAW3%2FzdMzT%2Fkqcs2le3O917CsrV3SvZ5oC%2BX5CD5fWPygr5ZGZvcFzNPjQdQk4NzdH%2F02NR%2BQwFOpTn8XcCNeMRHfu9ETq7ixdA82DqbzqxkG%2FY1a1BVNi0yIVX1%2FbqXDYZznfG2FpUyN6oDwqI1gO4mEYYEAjxCLSIeCgkFrcmRbTFYGTRVMiqMz%2B0TrrYMZU2S0Dp6tVnEl6Qwhf3pbo3T4QU%2Fx%2BLdfNqOxLkBRFsHQJUPhZArXjcayDak%2FklC1Ll9r6iB2VTJ6WqIrdm22p%2FWzfkp19z6JDm6M0H2M9mQ458WcSUSnhM2ZxvZL8ceeqeLXwy9C8rN9TKOymcNnpwEIBeAv%2FH%2B7seCG%2BBO%2BG%2B6nLn7QLIsZpgLMr3dMXgCzTplWT1ZC9QKBWG8vJQkHZV2g%2Fr%2FKhRSAkj17lSUxWLgvAa0cotMZAb5UNVkt2BiEzTzbthfe8%2BbfY6zHkrXUVMQrMM5Rc2Fq%2F4nT0lQf%2FraOrzPjeN8FWGhD19aNr1QWy5Yj8dmk7o8j%2Bd51NZ4Fr51WpUpPIg%2FWMtfhaGMfOgCdi9qm2R0TF9F4ufxfUMHx0JntBzUXPUtNtCr%2FUYSgSen3vBMipBhHyIB8OoN3T7%2Fpg1UmUE0lVOFPjYkBTRF8ZHxYM5vEFhRE5Bf%2F9p8PP6JhmuUPXPlsbXn6MhgjV%2F5xf7WfvdbA%3D%3D#polycard_client=search-nordic&tracking_id=545a0c29-3608-481a-9f16-60628ca1be08&wid=MLB4484765054&sid=search
Smartphone Motorola Moto G15 - 128gb 12gb (4gb Ram+8gb Ram Boost) E Camera 50mp Com Ai E Night Vision Bateria De 5200 Mah Tela Fhd+ 6.7 Com Superbrilho Nfc Azul Escuro,1099.0,https://www.mercadolivre.com.br/smartphone-motorola-moto-g15-128gb-12gb-4gb-ram8gb-ram-boost-e-camera-50mp-com-ai-e-night-vision-bateria-de-5200-mah-tela-fhd-67-com-superbrilho-nfc-azul-escuro/p/MLB46056608#polycard_client=search-nordic&searchVariation=MLB46056608&wid=MLB3975530813&position=13&search_layout=stack&type=product&tracking_id=4e3bc5ca-7b67-4909-b00b-b9379c0b63bf&sid=search
Smartphone Motorola Moto G15 - 128gb 12gb (4gb Ram+8gb Ram Boost) E Camera 50mp Com Ai E Night Vision Bateria De 5200 Mah Tela Fhd+ 6.7 Com Superbrilho Nfc Azul Escuro,1099.0,https://www.mercadolivre.com.br/smartphone-motorola-moto-g15-128gb-12gb-4gb-ram8gb-ram-boost-e-camera-50mp-com-ai-e-night-vision-bateria-de-5200-mah-tela-fhd-67-com-superbrilho-nfc-azul-escuro/p/MLB46056608#polycard_client=search-nordic&searchVariation=MLB46056608&wid=MLB3975530813&position=13&search_layout=stack&type=product&tracking_id=4e3bc5ca-7b67-4909-b00b-b9379c0b63bf&sid=search
Notebook Intel Celeron N4020 8gb Ram 256 Gb Ssd 14in Laptop,1359.0,https://produto.mercadolivre.com.br/MLB-4026684225-notebook-intel-celeron-n4020-8gb-ram-256-gb-ssd-14in-laptop-_JM?searchVariation=183316893694#polycard_client=search-nordic&searchVariation=183316893694&position=19&search_layout=grid&type=item&tracking_id=42adfcd1-b592-42ae-924c-04308e42f9b6
Notebook Intel Celeron N4020 8gb Ram 256 Gb Ssd 14in Laptop,1359.0,https://produto.mercadolivre.com.br/MLB-4026684225-notebook-intel-celeron-n4020-8gb-ram-256-gb-ssd-14in-laptop-_JM?searchVariation=183316893694#polycard_client=search-nordic&searchVariation=183316893694&position=19&search_layout=grid&type=item&tracking_id=42adfcd1-b592-42ae-924c-04308e42f9b6
Moto G24 Dual SIM 256 GB rosa 4 GB RAM,1425.0,https://click1.mercadolivre.com.br/mclics/clicks/external/MLB/count?a=EYPmMI%2FMEFroUO9C5aNqRIhbSOrSUhgL8sg2kh3f5uIEuIeja4RaHmxwXLQODkrucA%2BkBHa6zM0CtOWyDbgvx63VWOasXPb6VkULXLjGAS31SDiP45sJm%2BvgywCJjieCRKuTMqZsZ%2Fc8AGdBzfCKX25nxIz53jlqQmpokpFIY10ra6ky%2BnB5UAwEIin0ZFUPKiZhpIS%2FQWjDsxLGD6JTSyY%2FDNgWvxWC7ZhXfqwhD82nYtngTyuBOJm2rVdjHByjAUCw3yvaJ7BQyHan9%2F%2FaJNZP802TWZIJ9faYiTpKv2dY33xCbH1UDANGUtmUVmy0AfyWPtagwapKk3Fqr5M5WuEqbMqTbCsG9sw8Q9r3vPoG5ZkKx3aVusdwShLCU9UtLURnAxfOWXTjQSOKpe0eIipbfiorXQMf1kqJNquGUzRecDroUYy7t7lmKV%2BjTZvS7RqBOYwRQWbzWNK3JFkPBcioXbYfINe9d0pJrC9NnXIFj%2BEHTgYEcGD4gc%2BeM5C4RcuAtyz3LN1yG9DQglSSG5bAwP88PLGlD1dfxlU8EQIL%2FRtOHJx2dSn9kLhxt4o8mVVKQHuYqGm3VOIZX2SPlY5Nw1pqw6kQmbQSwfXGEHBIJjHcNwIy5jmwsbtuFXHnV1xzrK%2F0GS2aMtSFLLDjfzDbvlZmx1cqKdt%2BRZLGvjQcGTXAC7nFpWx%2FdB3LYrQJKqLH5%2BnAQ9ROIJ75kAWhvomHOgodxHmsA3QbDrw%2Bz0awpYtrLOUuRrW4yX1hEdaOT8WqxRM%2BXb2ELoyxG%2FqcMIsfpqkC%2FPMtA8XzyL8jZy9x1jhp0B7JuX9EpOOhlsRsiRfi7l8QDRVLSzKZ7zzpYJa8KjJWN8IZHEdSK6IUjasSzKJkOCVMnrYJz9u3LwuvFQbI9QoXStE7yjzkGbTmbRcK%2B5pjGiEsnPt6Rg%3D%3D#polycard_client=search-nordic&tracking_id=4e3bc5ca-7b67-4909-b00b-b9379c0b63bf&wid=MLB4019342449&sid=search
Moto G24 Dual SIM 256 GB rosa 4 GB RAM,1425.0,https://click1.mercadolivre.com.br/mclics/clicks/external/MLB/count?a=EYPmMI%2FMEFroUO9C5aNqRIhbSOrSUhgL8sg2kh3f5uIEuIeja4RaHmxwXLQODkrucA%2BkBHa6zM0CtOWyDbgvx63VWOasXPb6VkULXLjGAS31SDiP45sJm%2BvgywCJjieCRKuTMqZsZ%2Fc8AGdBzfCKX25nxIz53jlqQmpokpFIY10ra6ky%2BnB5UAwEIin0ZFUPKiZhpIS%2FQWjDsxLGD6JTSyY%2FDNgWvxWC7ZhXfqwhD82nYtngTyuBOJm2rVdjHByjAUCw3yvaJ7BQyHan9%2F%2FaJNZP802TWZIJ9faYiTpKv2dY33xCbH1UDANGUtmUVmy0AfyWPtagwapKk3Fqr5M5WuEqbMqTbCsG9sw8Q9r3vPoG5ZkKx3aVusdwShLCU9UtLURnAxfOWXTjQSOKpe0eIipbfiorXQMf1kqJNquGUzRecDroUYy7t7lmKV%2BjTZvS7RqBOYwRQWbzWNK3JFkPBcioXbYfINe9d0pJrC9NnXIFj%2BEHTgYEcGD4gc%2BeM5C4RcuAtyz3LN1yG9DQglSSG5bAwP88PLGlD1dfxlU8EQIL%2FRtOHJx2dSn9kLhxt4o8mVVKQHuYqGm3VOIZX2SPlY5Nw1pqw6kQmbQSwfXGEHBIJjHcNwIy5jmwsbtuFXHnV1xzrK%2F0GS2aMtSFLLDjfzDbvlZmx1cqKdt%2BRZLGvjQcGTXAC7nFpWx%2FdB3LYrQJKqLH5%2BnAQ9ROIJ75kAWhvomHOgodxHmsA3QbDrw%2Bz0awpYtrLOUuRrW4yX1hEdaOT8WqxRM%2BXb2ELoyxG%2FqcMIsfpqkC%2FPMtA8XzyL8jZy9x1jhp0B7JuX9EpOOhlsRsiRfi7l8QDRVLSzKZ7zzpYJa8KjJWN8IZHEdSK6IUjasSzKJkOCVMnrYJz9u3LwuvFQbI9QoXStE7yjzkGbTmbRcK%2B5pjGiEsnPt6Rg%3D%3D#polycard_client=search-nordic&tracking_id=4e3bc5ca-7b67-4909-b00b-b9379c0b63bf&wid=MLB4019342449&sid=search
"Mini Pc Intel Nuc, Quad-core 2.7ghz 8gb Ram 256g Ssd C/nfe 110V/220V",1599.0,https://www.mercadolivre.com.br/mini-pc-intel-nuc-quad-core-27ghz-8gb-ram-256g-ssd-cnfe-110v220v/p/MLB28143219#polycard_client=search-nordic&searchVariation=MLB28143219&wid=MLB4334295056&position=5&search_layout=grid&type=product&tracking_id=d450d6e5-b890-4d75-9f82-934caf15e204&sid=search
"Mini Pc Intel Nuc, Quad-core 2.7ghz 8gb Ram 256g Ssd C/nfe 110V/220V",1599.0,https://www.mercadolivre.com.br/mini-pc-intel-nuc-quad-core-27ghz-8gb-ram-256g-ssd-cnfe-110v220v/p/MLB28143219#polycard_client=search-nordic&searchVariation=MLB28143219&wid=MLB4334295056&position=5&search_layout=grid&type=product&tracking_id=d450d6e5-b890-4d75-9f82-934caf15e204&sid=search
Smartphone Motorola Moto g34 5G - 128GB 8GB (4GB RAM+4GB Ram Boost) AI Camera 50MP NFC,1599.0,https://click1.mercadolivre.com.br/mclics/clicks/external/MLB/count?a=fv1n5j9LYCPSPul9fk95tp6jutPUQELCjEhjhTTIWFveZBZKwnZyD4ABEVmSGp8iF%2BZuSYn%2BEyb2N6L2TvMpAMQy8wGkwU2%2F51fzFP292yQgblmJvq%2BmybySzAqX8HA%2BUzKMj2fUF9YzIUq%2Fg3PLZ0wxvvmEhrATxUIXxULTZShrYHmVDc7c44WDZlPjKz7PJXxc%2Fjavqcr6FDVfCsPQC3d4MKyPfeazv7sP8IthUgKGkKpkDIA3nu0NEQRU3p449csb7qSJ0hlNtxWmArh3zmuRM8Q0lqqLDhpkfWZa8a3ihiPxS9E5trb3g292Mzec8ZU28xYocRQLCq0pU%2F8kuHi0tsIj9E6Xi%2FjQ8%2B1SEvCOpZcgXMcISUEEbvalmEvDObzgMqRGIGOJsvON9GHWeP3IA6KCxKoW2fdN%2BouAmevWoSbAvCeZTlNaw7o28YM%2Fwtq5xdocxO%2Bq0IzpoJ%2BfXLd4D5ay6K4X%2BK8%2BhJ6AaZ%2B6Ly13xeOBkUUY1leBK7EHwxaCvxHOQL6tNA91pzJDvvtVVCBIMTrICx21D2l9D1VtJHoVhpcS54A2xNN8avOHTKvIgXx9H7pSFXJoBO6wB8te2%2FKnB7Sz%2B66sCR346Ax8f2RpYCDBuI2dMwqJycph1Zjg3YS4EPBqrT15fn649DfnsdveqGNN2nhPJITote%2BQWGohBu8M1g6TI7vHgaebb8g3etZW2XKxG%2BALPrZ8sB%2F%2BkflIWvOLi1dE9I5%2Bn2O3h%2BJsqQjQ3HZRn188M8%2FAfj9CI2LLlCCVlNwzovGBxcGubl4ldzmzyxqVMlrAkl96Nbk40tXY7TQTe7EgVVgAltWNzAt6wTLU0DTDjER2HWhunWNN3LS0bRVb6teK7stFDr%2BARq76YOesYo0T4xEcKpXMHjfpgIRfLkMBtZnleiYeVcO%2FR2j8oHf5kJPitbmy4cBaTiL1YsiY7g%2FsBrtBsTJ4Ec2NVc4LVHO3RpxLPsPga3E%3D#polycard_client=search-nordic&tracking_id=545a0c29-3608-481a-9f16-60628ca1be08&wid=MLB3822472887&sid=search
Smartphone Motorola Moto g34 5G - 128GB 8GB (4GB RAM+4GB Ram Boost) AI Camera 50MP NFC,1599.0,https://click1.mercadolivre.com.br/mclics/clicks/external/MLB/count?a=fv1n5j9LYCPSPul9fk95tp6jutPUQELCjEhjhTTIWFveZBZKwnZyD4ABEVmSGp8iF%2BZuSYn%2BEyb2N6L2TvMpAMQy8wGkwU2%2F51fzFP292yQgblmJvq%2BmybySzAqX8HA%2BUzKMj2fUF9YzIUq%2Fg3PLZ0wxvvmEhrATxUIXxULTZShrYHmVDc7c44WDZlPjKz7PJXxc%2Fjavqcr6FDVfCsPQC3d4MKyPfeazv7sP8IthUgKGkKpkDIA3nu0NEQRU3p449csb7qSJ0hlNtxWmArh3zmuRM8Q0lqqLDhpkfWZa8a3ihiPxS9E5trb3g292Mzec8ZU28xYocRQLCq0pU%2F8kuHi0tsIj9E6Xi%2FjQ8%2B1SEvCOpZcgXMcISUEEbvalmEvDObzgMqRGIGOJsvON9GHWeP3IA6KCxKoW2fdN%2BouAmevWoSbAvCeZTlNaw7o28YM%2Fwtq5xdocxO%2Bq0IzpoJ%2BfXLd4D5ay6K4X%2BK8%2BhJ6AaZ%2B6Ly13xeOBkUUY1leBK7EHwxaCvxHOQL6tNA91pzJDvvtVVCBIMTrICx21D2l9D1VtJHoVhpcS54A2xNN8avOHTKvIgXx9H7pSFXJoBO6wB8te2%2FKnB7Sz%2B66sCR346Ax8f2RpYCDBuI2dMwqJycph1Zjg3YS4EPBqrT15fn649DfnsdveqGNN2nhPJITote%2BQWGohBu8M1g6TI7vHgaebb8g3etZW2XKxG%2BALPrZ8sB%2F%2BkflIWvOLi1dE9I5%2Bn2O3h%2BJsqQjQ3HZRn188M8%2FAfj9CI2LLlCCVlNwzovGBxcGubl4ldzmzyxqVMlrAkl96Nbk40tXY7TQTe7EgVVgAltWNzAt6wTLU0DTDjER2HWhunWNN3LS0bRVb6teK7stFDr%2BARq76YOesYo0T4xEcKpXMHjfpgIRfLkMBtZnleiYeVcO%2FR2j8oHf5kJPitbmy4cBaTiL1YsiY7g%2FsBrtBsTJ4Ec2NVc4LVHO3RpxLPsPga3E%3D#polycard_client=search-nordic&tracking_id=545a0c29-3608-481a-9f16-60628ca1be08&wid=MLB3822472887&sid=search
Smartphone Motorola Moto g34 5G - 128GB 8GB (4GB RAM+4GB Ram Boost) AI Camera 50MP NFC,1599.0,https://click1.mercadolivre.com.br/mclics/clicks/external/MLB/count?a=eoDX44j7PcWG%2Fm8EpyzuGcDUPzitNjEpPWJSIsCq2F4fZ88Jz2Ar9PmeTd8AK%2FBl7RylQgC4gUW%2FzV%2B5K%2Ff7QUg1%2BrdRG%2Fq4iknbYt4%2BAE0cm5K787Unj9IzpOG6nBua%2BgvFnzPswuX8mqavxLmqsJqygqJY1QGWQ2WTEnkkUClEZPpCzKRXgNCFOsU0BZi%2B6U9P0sP6JCAo%2FoyogapWgDlgxdJxitcTtqqJeXNQe2CKoZnFmQNFdo3e1wJwrs6ILb7EohPQ%2B8%2FEX%2BbynGtiUGRnKBoBbZU%2F%2BF8UiYopvF4geVz0oqDL3f5YpFKgg2cqwyGlOns69DHGhyNlSVC9rswNCUxHoDlQRANjBYkYA2g4jjywYSjItev36h3LoDxsIGzmcTU5IKMxXprgXd1SdsNgZ5Wjofodp8X88X3gsf%2FPpYjto8ofKQSP8Z3O2waQZtLF2DD3o4IeNkgvSyABMlGZZnYB1k4S40jGp1QdADoy75B%2BrQ4pPochHUEtgbPuH%2Fw34OdIZ9DAyTLb4%2F2%2FpnQGWo%2FyWl4OIor9y6xoTBF0tfzjymLGk65MNPQ3r3H9JG0aa0Qqh1ICZCJZ%2FVGA1hhHzbe3ZMVq9ANbftaw27D%2FRDToTSEoHvEIVszlti9v7mxG%2BZVCC8RoC53D4xNFc%2Bqbz7XflHaHdW5Mvukc4iVmFe87Dn4K6BveGIxjSQrYsXuHSBa9ZXShqNeD%2BusfJ3KLWAZe6NoooXb06Q31%2BUU%2FY5lWkpkZeFKW%2BqsuM%2FFRcTGR7GUiIRLgP%2F6S13%2BAGh04Gl1mzmhHpjHQLu3BA12CDbS2r29VNjMppCeZWuod94nz%2Bc0%2BwAnWvqXuRmDhRRBMzr1wHOYGCyU4PVr4RJ9C0QRXEfqzvlpfFTPIGAkyB%2FK9FsvM8WxYfOCZ3SBlOapAALlENSxUuGjbNYlLZM7ipBfuBoIMorkwJd7PURzwUDXsf54FGidN9NvCuhoyVqe7Me39VF0%3D#polycard_client=search-nordic&tracking_id=bafdd6a7-61ce-4f26-ba01-caaa1abe5392&wid=MLB3822472887&sid=search
Smartphone Motorola Moto g34 5G - 128GB 8GB (4GB RAM+4GB Ram Boost) AI Camera 50MP NFC,1599.0,https://click1.mercadolivre.com.br/mclics/clicks/external/MLB/count?a=eoDX44j7PcWG%2Fm8EpyzuGcDUPzitNjEpPWJSIsCq2F4fZ88Jz2Ar9PmeTd8AK%2FBl7RylQgC4gUW%2FzV%2B5K%2Ff7QUg1%2BrdRG%2Fq4iknbYt4%2BAE0cm5K787Unj9IzpOG6nBua%2BgvFnzPswuX8mqavxLmqsJqygqJY1QGWQ2WTEnkkUClEZPpCzKRXgNCFOsU0BZi%2B6U9P0sP6JCAo%2FoyogapWgDlgxdJxitcTtqqJeXNQe2CKoZnFmQNFdo3e1wJwrs6ILb7EohPQ%2B8%2FEX%2BbynGtiUGRnKBoBbZU%2F%2BF8UiYopvF4geVz0oqDL3f5YpFKgg2cqwyGlOns69DHGhyNlSVC9rswNCUxHoDlQRANjBYkYA2g4jjywYSjItev36h3LoDxsIGzmcTU5IKMxXprgXd1SdsNgZ5Wjofodp8X88X3gsf%2FPpYjto8ofKQSP8Z3O2waQZtLF2DD3o4IeNkgvSyABMlGZZnYB1k4S40jGp1QdADoy75B%2BrQ4pPochHUEtgbPuH%2Fw34OdIZ9DAyTLb4%2F2%2FpnQGWo%2FyWl4OIor9y6xoTBF0tfzjymLGk65MNPQ3r3H9JG0aa0Qqh1ICZCJZ%2FVGA1hhHzbe3ZMVq9ANbftaw27D%2FRDToTSEoHvEIVszlti9v7mxG%2BZVCC8RoC53D4xNFc%2Bqbz7XflHaHdW5Mvukc4iVmFe87Dn4K6BveGIxjSQrYsXuHSBa9ZXShqNeD%2BusfJ3KLWAZe6NoooXb06Q31%2BUU%2FY5lWkpkZeFKW%2BqsuM%2FFRcTGR7GUiIRLgP%2F6S13%2BAGh04Gl1mzmhHpjHQLu3BA12CDbS2r29VNjMppCeZWuod94nz%2Bc0%2BwAnWvqXuRmDhRRBMzr1wHOYGCyU4PVr4RJ9C0QRXEfqzvlpfFTPIGAkyB%2FK9FsvM8WxYfOCZ3SBlOapAALlENSxUuGjbNYlLZM7ipBfuBoIMorkwJd7PURzwUDXsf54FGidN9NvCuhoyVqe7Me39VF0%3D#polycard_client=search-nordic&tracking_id=bafdd6a7-61ce-4f26-ba01-caaa1abe5392&wid=MLB3822472887&sid=search
"Notebook Ultra, Linux, 15,6 Pol. HD, Intel Celeron, 240GB SSD/ 8GB RAM, Cinza Escovado - UB262",1699.0,https://click1.mercadolivre.com.br/mclics/clicks/external/MLB/count?a=fVoDuhlMHhTLEd3ZVc3N%2F1VAl%2BQlAMgQ8A6nQvr10RtmeOgxxJq2DLfKyHktVXtylpUOeevdKn8IUbsK6SoIe39NH6qXPOEbpKW9zzKWEWtYkt7hE8gvZANiVW6tSCCXWn1PgapMryBi3T4HMo%2Bpp6drOmlLWY1Rjk%2BurWZKgtE6CYLTeWHGokoSVNymA0IYslkHcf0pMHVnrnmXb%2BSSAv345gEMuvlo35N2g50aJbdxeNEohKgNmZ%2F8VzUOW2LCgukxJ7KspVnay9qHIrkLF7%2B89DE6Q%2FhPmxPc9VlqChRGn%2FNEZgbjjZPhP9fSMecid1mqk8YbonJCdSk%2FkKd3st96g7ZcPouchuMG93%2BypYl00R1x%2Bdp4aDB2Kb0p%2B0fzYBE5GfGOONijCTVvyEFq2qa0MulZU2iAn4xHVuVgGbn5E6F%2BQ9K2EcrqzswWQCehu%2FMszYp8BsIbQRYxvHSZLwtgdTpWS4Ek0a%2FP%2BovIsfW2TkTRTUURQJ4tUFtr7uWpQ5QrK7elpkTw7cR3taBCuRIU0kilNolCSuUEwVyyPPvzwsutaeVXOZU8EoqAbgbO3TrRAD4aOUwjGPO2ZY%2FbLECHfHxmUN4q1ZMVeTbQzKREn9Pw5LSANqkDZmCBpintElHpm%2BE158nSZiXmrZ24mzZLhFlw8rGFayCc6dL6HLF2I9LabDDTlspqNlwmOjDwasdRsra2RszR82eQcJV5hr1E5MLeYf%2Ft9xGALsXxjxSuVQ0S%2FrrDT2PuKXh8DIF4nbMqfujTbUk3lHKqxslTUKi%2FEGM%2BYLUvSM4n3gix9x97b%2FTMuT4fhu4C2XKA7h%2Fb8Z5LGZqQnzfAWol1IVaq%2FmeLYnvMoPN0IVnYctkhUVelMOIcpxZB%2FchdfcWu7zhXbiziaZgM4OZahjiE39DrfoXilzcLv5mdCMPX%2FQPxvg2nojEisfdR0nHf4EM7Zgc6OAwbJ7JJg%2FXPqaMrYWlY6dNEPvLc%2FQ%3D%3D#polycard_client=search-nordic&tracking_id=0d9ff19c-533e-4cc7-90e2-27429f93c1b1&wid=MLB5294198998&sid=search
"Notebook Ultra, Linux, 15,6 Pol. HD, Intel Celeron, 240GB SSD/ 8GB RAM, Cinza Escovado - UB262",1699.0,https://click1.mercadolivre.com.br/mclics/clicks/external/MLB/count?a=fVoDuhlMHhTLEd3ZVc3N%2F1VAl%2BQlAMgQ8A6nQvr10RtmeOgxxJq2DLfKyHktVXtylpUOeevdKn8IUbsK6SoIe39NH6qXPOEbpKW9zzKWEWtYkt7hE8gvZANiVW6tSCCXWn1PgapMryBi3T4HMo%2Bpp6drOmlLWY1Rjk%2BurWZKgtE6CYLTeWHGokoSVNymA0IYslkHcf0pMHVnrnmXb%2BSSAv345gEMuvlo35N2g50aJbdxeNEohKgNmZ%2F8VzUOW2LCgukxJ7KspVnay9qHIrkLF7%2B89DE6Q%2FhPmxPc9VlqChRGn%2FNEZgbjjZPhP9fSMecid1mqk8YbonJCdSk%2FkKd3st96g7ZcPouchuMG93%2BypYl00R1x%2Bdp4aDB2Kb0p%2B0fzYBE5GfGOONijCTVvyEFq2qa0MulZU2iAn4xHVuVgGbn5E6F%2BQ9K2EcrqzswWQCehu%2FMszYp8BsIbQRYxvHSZLwtgdTpWS4Ek0a%2FP%2BovIsfW2TkTRTUURQJ4tUFtr7uWpQ5QrK7elpkTw7cR3taBCuRIU0kilNolCSuUEwVyyPPvzwsutaeVXOZU8EoqAbgbO3TrRAD4aOUwjGPO2ZY%2FbLECHfHxmUN4q1ZMVeTbQzKREn9Pw5LSANqkDZmCBpintElHpm%2BE158nSZiXmrZ24mzZLhFlw8rGFayCc6dL6HLF2I9LabDDTlspqNlwmOjDwasdRsra2RszR82eQcJV5hr1E5MLeYf%2Ft9xGALsXxjxSuVQ0S%2FrrDT2PuKXh8DIF4nbMqfujTbUk3lHKqxslTUKi%2FEGM%2BYLUvSM4n3gix9x97b%2FTMuT4fhu4C2XKA7h%2Fb8Z5LGZqQnzfAWol1IVaq%2FmeLYnvMoPN0IVnYctkhUVelMOIcpxZB%2FchdfcWu7zhXbiziaZgM4OZahjiE39DrfoXilzcLv5mdCMPX%2FQPxvg2nojEisfdR0nHf4EM7Zgc6OAwbJ7JJg%2FXPqaMrYWlY6dNEPvLc%2FQ%3D%3D#polycard_client=search-nordic&tracking_id=0d9ff19c-533e-4cc7-90e2-27429f93c1b1&wid=MLB5294198998&sid=search
Mini Computador Portátil I5 8gb Ram Ssd 256gb Wifi Bluetooth,1699.0,https://produto.mercadolivre.com.br/MLB-3914722485-mini-computador-portatil-i5-8gb-ram-ssd-256gb-wifi-bluetooth-_JM?searchVariation=182298503698#polycard_client=search-nordic&searchVariation=182298503698&position=39&search_layout=grid&type=item&tracking_id=d450d6e5-b890-4d75-9f82-934caf15e204
Mini Computador Portátil I5 8gb Ram Ssd 256gb Wifi Bluetooth,1699.0,https://produto.mercadolivre.com.br/MLB-3914722485-mini-computador-portatil-i5-8gb-ram-ssd-256gb-wifi-bluetooth-_JM?searchVariation=182298503698#polycard_client=search-nordic&searchVariation=182298503698&position=39&search_layout=grid&type=item&tracking_id=d450d6e5-b890-4d75-9f82-934caf15e204
Samsung Galaxy A25 5G Dual SIM 128Gb Azul Escuro 6Gb Ram,1712.0,https://www.mercadolivre.com.br/samsung-galaxy-a25-5g-dual-sim-128gb-azul-escuro-6gb-ram/p/MLB34103803#polycard_client=search-nordic&searchVariation=MLB34103803&backend_model=search-backend&wid=MLB3932141553&position=4&search_layout=stack&type=product&tracking_id=72944374-18a7-4519-b874-ec2049f97e1c&sid=search
Samsung Galaxy A25 5G Dual SIM 128Gb Azul Escuro 6Gb Ram,1712.0,https://www.mercadolivre.com.br/samsung-galaxy-a25-5g-dual-sim-128gb-azul-escuro-6gb-ram/p/MLB34103803#polycard_client=search-nordic&searchVariation=MLB34103803&backend_model=search-backend&wid=MLB3932141553&position=4&search_layout=stack&type=product&tracking_id=72944374-18a7-4519-b874-ec2049f97e1c&sid=search
Samsung Galaxy A25 5G Dual SIM 128Gb Azul Escuro 6Gb Ram,1712.0,https://click1.mercadolivre.com.br/mclics/clicks/external/MLB/count?a=JDscrANSpj2L9EMxZilJMWhC8pkh00KdsF%2BrKsurmiLJr7l%2BWFtH62XbLv%2B%2B29Hg30T7bo7%2FqOrOBvczxWpLCuXHJmnEyX6hgbHGnzEBYa8P9qT8zxW2Usd%2Fyv0Gin3aCZScUzMfAID1Dv4qPRc%2FEw0buXqK5rEOxjr941%2BrrV%2BQ13da0vy5Ka5hlFBVfOJzcTQnT1Vk8hd5sZqrV%2Bo3C0rZqLChIfOCniwHstDDR33Bec3dAkFWJCX8bpYq5wWkP4XvKWt7tVqXIDst2JpFFv4XX5O1QVIjPFO0v2JnL%2BJsrLX9Iq4A2iD28cVK0KSNSK6unNu5j4RbFuT8nUDU%2BvcYtQodfkyPVT6O2uC6ILN1CnXJMzFNrRJUQu96veJqKXonsQhvLrOdVBPBXlTmxV9jECuFktO9YwmVKizxKILP7rpfBMG4gR3Ek5miDd1A%2BdJ8qpOY5e8HP%2FPp2%2FU7Wv904joakDCdeCL%2F0GabhVHCdcEa1puLAfiArt4NFyLqCWEKDIkUlrpeBcMm7uT4VsH85IHpWcyg29uNiNyi5T7kAWpszFRk2bsRzE0rRlGkgOhC8hJyRXndMNkiLOdtbCDNDVCkw6jdDEmA93Nezjwvo3kD84mmonqNAsZ28ANXHrjTQoUDS2YAfa3TTIww%2Bc4VYcF0gCiw84oMgcx8VOZl83BVH4o%2B0nDYLK4QnQ7OY3hQ%2F7nJJZtJCgXqVQD91%2B1FwoDu7vYe96nh4JJ3usC04ONn7b1X52Hfh5bYndTe02jHhQKSoHjyPSY6eNvxu4xq%2FqvxSZgCqP6gPtIp8DLfHt3wM74yiFj%2BaS8tdR3wZI3iq4ITIs0B%2BAlI4R2Lpy8KxA6e8imnilStUh2ChmJId6AVj5pJedkCxPZtR1grR1NdEkv0QJyjYHFKKgR9%2Fb7pDeKrPcaQNcmW2bl9Qgdmt4YYbEzwyg9AmVnh7A%3D%3D#polycard_client=search-nordic&tracking_id=bafdd6a7-61ce-4f26-ba01-caaa1abe5392&wid=MLB3932141553&sid=search
Samsung Galaxy A25 5G Dual SIM 128Gb Azul Escuro 6Gb Ram,1712.0,https://click1.mercadolivre.com.br/mclics/clicks/external/MLB/count?a=JDscrANSpj2L9EMxZilJMWhC8pkh00KdsF%2BrKsurmiLJr7l%2BWFtH62XbLv%2B%2B29Hg30T7bo7%2FqOrOBvczxWpLCuXHJmnEyX6hgbHGnzEBYa8P9qT8zxW2Usd%2Fyv0Gin3aCZScUzMfAID1Dv4qPRc%2FEw0buXqK5rEOxjr941%2BrrV%2BQ13da0vy5Ka5hlFBVfOJzcTQnT1Vk8hd5sZqrV%2Bo3C0rZqLChIfOCniwHstDDR33Bec3dAkFWJCX8bpYq5wWkP4XvKWt7tVqXIDst2JpFFv4XX5O1QVIjPFO0v2JnL%2BJsrLX9Iq4A2iD28cVK0KSNSK6unNu5j4RbFuT8nUDU%2BvcYtQodfkyPVT6O2uC6ILN1CnXJMzFNrRJUQu96veJqKXonsQhvLrOdVBPBXlTmxV9jECuFktO9YwmVKizxKILP7rpfBMG4gR3Ek5miDd1A%2BdJ8qpOY5e8HP%2FPp2%2FU7Wv904joakDCdeCL%2F0GabhVHCdcEa1puLAfiArt4NFyLqCWEKDIkUlrpeBcMm7uT4VsH85IHpWcyg29uNiNyi5T7kAWpszFRk2bsRzE0rRlGkgOhC8hJyRXndMNkiLOdtbCDNDVCkw6jdDEmA93Nezjwvo3kD84mmonqNAsZ28ANXHrjTQoUDS2YAfa3TTIww%2Bc4VYcF0gCiw84oMgcx8VOZl83BVH4o%2B0nDYLK4QnQ7OY3hQ%2F7nJJZtJCgXqVQD91%2B1FwoDu7vYe96nh4JJ3usC04ONn7b1X52Hfh5bYndTe02jHhQKSoHjyPSY6eNvxu4xq%2FqvxSZgCqP6gPtIp8DLfHt3wM74yiFj%2BaS8tdR3wZI3iq4ITIs0B%2BAlI4R2Lpy8KxA6e8imnilStUh2ChmJId6AVj5pJedkCxPZtR1grR1NdEkv0QJyjYHFKKgR9%2Fb7pDeKrPcaQNcmW2bl9Qgdmt4YYbEzwyg9AmVnh7A%3D%3D#polycard_client=search-nordic&tracking_id=bafdd6a7-61ce-4f26-ba01-caaa1abe5392&wid=MLB3932141553&sid=search
Samsung Galaxy A25 5G Dual SIM 128Gb Azul Escuro 6Gb Ram,1712.0,https://www.mercadolivre.com.br/samsung-galaxy-a25-5g-dual-sim-128gb-azul-escuro-6gb-ram/p/MLB34103803#polycard_client=search-nordic&searchVariation=MLB34103803&backend_model=search-backend&wid=MLB3932141553&position=5&search_layout=stack&type=product&tracking_id=bafdd6a7-61ce-4f26-ba01-caaa1abe5392&sid=search
Samsung Galaxy A25 5G Dual SIM 128Gb Azul Escuro 6Gb Ram,1712.0,https://www.mercadolivre.com.br/samsung-galaxy-a25-5g-dual-sim-128gb-azul-escuro-6gb-ram/p/MLB34103803#polycard_client=search-nordic&searchVariation=MLB34103803&backend_model=search-backend&wid=MLB3932141553&position=5&search_layout=stack&type=product&tracking_id=bafdd6a7-61ce-4f26-ba01-caaa1abe5392&sid=search
"Dell Latitude 3400 Core I5 8265u 8gb Ssd 256gb, Win 11 Pro",1799.0,https://produto.mercadolivre.com.br/MLB-4010001567-dell-latitude-3400-core-i5-8265u-8gb-ssd-256gb-win-11-pro-_JM?searchVariation=183181012670#polycard_client=search-nordic&searchVariation=183181012670&position=20&search_layout=grid&type=item&tracking_id=42adfcd1-b592-42ae-924c-04308e42f9b6
"Dell Latitude 3400 Core I5 8265u 8gb Ssd 256gb, Win 11 Pro",1799.0,https://produto.mercadolivre.com.br/MLB-4010001567-dell-latitude-3400-core-i5-8265u-8gb-ssd-256gb-win-11-pro-_JM?searchVariation=183181012670#polycard_client=search-nordic&searchVariation=183181012670&position=20&search_layout=grid&type=item&tracking_id=42adfcd1-b592-42ae-924c-04308e42f9b6
"Smartphone Samsung Galaxy A25 5G 256GB 8GB Ram Dual SIM Android 14 Azul-Escuro 6,5''",1998.0,https://www.mercadolivre.com.br/smartphone-samsung-galaxy-a25-5g-256gb-8gb-ram-dual-sim-android-14-azul-escuro-65/p/MLB31498601#polycard_client=search-nordic&searchVariation=MLB31498601&backend_model=search-backend&wid=MLB3870690135&position=4&search_layout=stack&type=product&tracking_id=545a0c29-3608-481a-9f16-60628ca1be08&sid=search
"Smartphone Samsung Galaxy A25 5G 256GB 8GB Ram Dual SIM Android 14 Azul-Escuro 6,5''",1998.0,https://www.mercadolivre.com.br/smartphone-samsung-galaxy-a25-5g-256gb-8gb-ram-dual-sim-android-14-azul-escuro-65/p/MLB31498601#polycard_client=search-nordic&searchVariation=MLB31498601&backend_model=search-backend&wid=MLB3870690135&position=4&search_layout=stack&type=product&tracking_id=545a0c29-3608-481a-9f16-60628ca1be08&sid=search
Samsung Galaxy A35 5G Dual SIM 256GB Azul Escuro 8 GB RAM,2699.0,https://www.mercadolivre.com.br/samsung-galaxy-a35-5g-dual-sim-256gb-azul-escuro-8-gb-ram/p/MLB34729843#polycard_client=search-nordic&searchVariation=MLB34729843&backend_model=search-backend&wid=MLB3893201949&position=5&search_layout=stack&type=product&tracking_id=72944374-18a7-4519-b874-ec2049f97e1c&sid=search
Samsung Galaxy A35 5G Dual SIM 256GB Azul Escuro 8 GB RAM,2699.0,https://www.mercadolivre.com.br/samsung-galaxy-a35-5g-dual-sim-256gb-azul-escuro-8-gb-ram/p/MLB34729843#polycard_client=search-nordic&searchVariation=MLB34729843&backend_model=search-backend&wid=MLB3893201949&position=5&search_layout=stack&type=product&tracking_id=72944374-18a7-4519-b874-ec2049f97e1c&sid=search
Samsung Galaxy A35 5G Dual SIM 256GB Azul Escuro 8 GB RAM,2699.0,https://www.mercadolivre.com.br/samsung-galaxy-a35-5g-dual-sim-256gb-azul-escuro-8-gb-ram/p/MLB34729843#polycard_client=search-nordic&searchVariation=MLB34729843&backend_model=search-backend&wid=MLB3893201949&position=3&search_layout=stack&type=product&tracking_id=bafdd6a7-61ce-4f26-ba01-caaa1abe5392&sid=search
Samsung Galaxy A35 5G Dual SIM 256GB Azul Escuro 8 GB RAM,2699.0,https://www.mercadolivre.com.br/samsung-galaxy-a35-5g-dual-sim-256gb-azul-escuro-8-gb-ram/p/MLB34729843#polycard_client=search-nordic&searchVariation=MLB34729843&backend_model=search-backend&wid=MLB3893201949&position=3&search_layout=stack&type=product&tracking_id=bafdd6a7-61ce-4f26-ba01-caaa1abe5392&sid=search
Notebook Lenovo Ideapad Processador Intel Ssd Windows 11,2865.0,https://click1.mercadolivre.com.br/mclics/clicks/external/MLB/count?a=g46N8LWO9nc%2FeIYfON5EqL6rPBsfimj3knW9iOsZ7ozlJzd2nPeZiOhN0IyfS63iyaws3iwEyzIGt4%2FvxKDd2Ic6SjUwJsYCQtZHM%2FHjA4ewnw5LmwmAXC6sjO5slhmrVkW9lqc21fC7im1prFqaabUm7Nx2a9hJvaIBEqnfS0%2FNbMimGG4StPtaUv%2FsYIP84f8bqgB2HNhK76OwarNb43tv4FYrPfL%2BYLT70qsTUEAIw8Axq8kBDy2LDiMbV%2Ff%2BA7IAS0eaW4X6LFeotEzutFHlTBrtnXoGFzy07R%2BEdmAkGk%2FkF2amIGSrRW3cOPk%2Fwgsxqc5475woBICNLVSsfdmWb09VVDedXscaKMbGFeavfgf8aG6JNwTMbXTVWs4jVw%2FAtUkzE16rO33cVAKsemf72kOae%2FyxU5Exz%2BBRq%2FLZYwIcHAog9eingWAIzfwDQxCDhj%2FpMHWWIiqGDIJO%2FQEwfK4iD1KUIhN783VqAPhNGsbLoiSOk87505d8rR%2F0jZtWYwjWXK7M56Ua1EJRXQXbi5Y%2FNfZDJKj5aV5H%2FpI8WKez77vaK0n9DRsoTHr1kuOPsPINfWn1XqiNadxniVIqQy5rCJRdOCVJaG87dFY9%2BTVtbPSm9qhTgJoBzSlPcoQyKQxUBwZqIBW%2BfyOfmNeH21Oqv%2FQ%2FgABZhQ8UcHj%2Faaewqy88C7FjvwQqRBcnFlJqGMDEav%2BqMJp3D8f41DAb9Zy9792TMl1vqdALYySP1xZKjVpoVKrTTSBZ8WOWc8Y4llW9GjWPkAWhXApDJ8gghHi%2BKjQNNQxtHrl4%2BRt2p0KjGj4npmta%2Fiv136IAc%2FDwrW6oIO72tBA%2FPMSAzH9tmLOb6XOEzbSARSbbaGX5NjP%2BFYL7CWJTdYpT%2FyJMWwvJXL25bmuoK21ixWd5JBXibbA5xjjZ2htw9WOnO2FPuBRIMLLGKALP&searchVariation=187263923487#polycard_client=search-nordic&tracking_id=42adfcd1-b592-42ae-924c-04308e42f9b6
Notebook Lenovo Ideapad Processador Intel Ssd Windows 11,2865.0,https://click1.mercadolivre.com.br/mclics/clicks/external/MLB/count?a=g46N8LWO9nc%2FeIYfON5EqL6rPBsfimj3knW9iOsZ7ozlJzd2nPeZiOhN0IyfS63iyaws3iwEyzIGt4%2FvxKDd2Ic6SjUwJsYCQtZHM%2FHjA4ewnw5LmwmAXC6sjO5slhmrVkW9lqc21fC7im1prFqaabUm7Nx2a9hJvaIBEqnfS0%2FNbMimGG4StPtaUv%2FsYIP84f8bqgB2HNhK76OwarNb43tv4FYrPfL%2BYLT70qsTUEAIw8Axq8kBDy2LDiMbV%2Ff%2BA7IAS0eaW4X6LFeotEzutFHlTBrtnXoGFzy07R%2BEdmAkGk%2FkF2amIGSrRW3cOPk%2Fwgsxqc5475woBICNLVSsfdmWb09VVDedXscaKMbGFeavfgf8aG6JNwTMbXTVWs4jVw%2FAtUkzE16rO33cVAKsemf72kOae%2FyxU5Exz%2BBRq%2FLZYwIcHAog9eingWAIzfwDQxCDhj%2FpMHWWIiqGDIJO%2FQEwfK4iD1KUIhN783VqAPhNGsbLoiSOk87505d8rR%2F0jZtWYwjWXK7M56Ua1EJRXQXbi5Y%2FNfZDJKj5aV5H%2FpI8WKez77vaK0n9DRsoTHr1kuOPsPINfWn1XqiNadxniVIqQy5rCJRdOCVJaG87dFY9%2BTVtbPSm9qhTgJoBzSlPcoQyKQxUBwZqIBW%2BfyOfmNeH21Oqv%2FQ%2FgABZhQ8UcHj%2Faaewqy88C7FjvwQqRBcnFlJqGMDEav%2BqMJp3D8f41DAb9Zy9792TMl1vqdALYySP1xZKjVpoVKrTTSBZ8WOWc8Y4llW9GjWPkAWhXApDJ8gghHi%2BKjQNNQxtHrl4%2BRt2p0KjGj4npmta%2Fiv136IAc%2FDwrW6oIO72tBA%2FPMSAzH9tmLOb6XOEzbSARSbbaGX5NjP%2BFYL7CWJTdYpT%2FyJMWwvJXL25bmuoK21ixWd5JBXibbA5xjjZ2htw9WOnO2FPuBRIMLLGKALP&searchVariation=187263923487#polycard_client=search-nordic&tracking_id=42adfcd1-b592-42ae-924c-04308e42f9b6
Notebook Hp 256r G9 Intel Core I3-1315u 15.6 Hd Intel Uhd Graphics 256gb Ssd 8gb Ram Windows 11 Home 64 Sl - AN1A2LA#AK4,3137.0,https://click1.mercadolivre.com.br/mclics/clicks/external/MLB/count?a=Ps3nirvdU0bAv28bJFFksFI2t7AnnUJOzXVG39qVXnvBNymc25uWSvQ7xUFi%2BGX8JaEne5Qk%2B6z5nbFm1LH3tlSDo1ntueLBMBLaCNtJnvjHcy86rHgYbCM2QAlugFXFylnW%2Bnd8vwpqIv0gQEI5%2BizPh%2Bbdnk%2FOrOBnL2HqfM5yp7YnDElmLQvQaC8gMBu5qJthuMognl8qK0aFgT1bidxyWS3pXGcpCYxrGD01%2B9vdgg2KGAypfEcbsxZBGW0QHMy2KdEBTOWfqsGDsLhqAqALKjZwIFKge3Sb2gnp%2FfXwL9LFIRLE9lPDVr%2FmKh5MR%2Fkb5jfyUEHRmL1xlyoUFpZwfe8a68j77nJpA54WL3MlPExf8xNYX63zBjDYNbnOkYN7LLjAKBTdu9C15FXatMDW9FJ7frRKoccyI9JZFvtwXiavnwadjtn51CbC6wudW42WoWDyipvWUnFwxqYUMJlgekErPCKxRduxYsQ2uh0v8AsVEBp5z7clZFMU%2Bmegf%2FgOKjHxnY5t%2Bqg8l3s33RquGwUwLy1rFEhZ8RTX9VtFmnMnzAreY9klwJcK3NEkDDle6cq12qXSgsezdOVsx0eTpxdaXNRa4LHA8G7NAlfIUNHMUJZZfkQqd7xVpKXUScMyGAIMsCahOcq%2Bh5UxYkE2MVYznZo2%2FnGZutn56JLNiAKcwmzamFtwpuDIWQ3ORaNnghTn8rbxZ%2FzR93yhxt5Brlmdo%2F%2FkSsn0eUXO8xdnijbu6snrGeqI%2Bpb8iCLQxpxvQBSzfdf8GKXAzXrwQ7EOOQE%2F3Zopmck%2BQdfP5OVoIRxSU3qXypU1wG83AQDjEa6P70Wf%2F%2FM5bq8lJTVa9pa9olEaJktcz8aSctYwDEUlzyCIqmJbW%2FvXCJsvkwoiy7wifiWF4PEAbKElW2m1Jh4ftuhNFb7WvwnW%2FBndqVHTUfqjMIt4PVfnPjiMIr0%2BDr0YvtwxbUL8xK62%2BTqmtPkoIpdoLorSN1tjJHx%2FahZf1ghFqxi8gzrBDTEvMqXVNNcSPCzJz7M%3D#polycard_client=search-nordic&tracking_id=0d9ff19c-533e-4cc7-90e2-27429f93c1b1&wid=MLB5329936258&sid=search
Notebook Hp 256r G9 Intel Core I3-1315u 15.6 Hd Intel Uhd Graphics 256gb Ssd 8gb Ram Windows 11 Home 64 Sl - AN1A2LA#AK4,3137.0,https://click1.mercadolivre.com.br/mclics/clicks/external/MLB/count?a=Ps3nirvdU0bAv28bJFFksFI2t7AnnUJOzXVG39qVXnvBNymc25uWSvQ7xUFi%2BGX8JaEne5Qk%2B6z5nbFm1LH3tlSDo1ntueLBMBLaCNtJnvjHcy86rHgYbCM2QAlugFXFylnW%2Bnd8vwpqIv0gQEI5%2BizPh%2Bbdnk%2FOrOBnL2HqfM5yp7YnDElmLQvQaC8gMBu5qJthuMognl8qK0aFgT1bidxyWS3pXGcpCYxrGD01%2B9vdgg2KGAypfEcbsxZBGW0QHMy2KdEBTOWfqsGDsLhqAqALKjZwIFKge3Sb2gnp%2FfXwL9LFIRLE9lPDVr%2FmKh5MR%2Fkb5jfyUEHRmL1xlyoUFpZwfe8a68j77nJpA54WL3MlPExf8xNYX63zBjDYNbnOkYN7LLjAKBTdu9C15FXatMDW9FJ7frRKoccyI9JZFvtwXiavnwadjtn51CbC6wudW42WoWDyipvWUnFwxqYUMJlgekErPCKxRduxYsQ2uh0v8AsVEBp5z7clZFMU%2Bmegf%2FgOKjHxnY5t%2Bqg8l3s33RquGwUwLy1rFEhZ8RTX9VtFmnMnzAreY9klwJcK3NEkDDle6cq12qXSgsezdOVsx0eTpxdaXNRa4LHA8G7NAlfIUNHMUJZZfkQqd7xVpKXUScMyGAIMsCahOcq%2Bh5UxYkE2MVYznZo2%2FnGZutn56JLNiAKcwmzamFtwpuDIWQ3ORaNnghTn8rbxZ%2FzR93yhxt5Brlmdo%2F%2FkSsn0eUXO8xdnijbu6snrGeqI%2Bpb8iCLQxpxvQBSzfdf8GKXAzXrwQ7EOOQE%2F3Zopmck%2BQdfP5OVoIRxSU3qXypU1wG83AQDjEa6P70Wf%2F%2FM5bq8lJTVa9pa9olEaJktcz8aSctYwDEUlzyCIqmJbW%2FvXCJsvkwoiy7wifiWF4PEAbKElW2m1Jh4ftuhNFb7WvwnW%2FBndqVHTUfqjMIt4PVfnPjiMIr0%2BDr0YvtwxbUL8xK62%2BTqmtPkoIpdoLorSN1tjJHx%2FahZf1ghFqxi8gzrBDTEvMqXVNNcSPCzJz7M%3D#polycard_client=search-nordic&tracking_id=0d9ff19c-533e-4cc7-90e2-27429f93c1b1&wid=MLB5329936258&sid=search
Notebook Hp 256r G9 Intel Core I3-1315u 15.6 Hd Intel Uhd Graphics 256gb Ssd 8gb Ram Windows 11 Home 64 Sl - AN1A2LA#AK4,3137.0,https://click1.mercadolivre.com.br/mclics/clicks/external/MLB/count?a=9HVo5Zfr4xvPM2IyGJmWf8Ss1hvzOI%2FfZjOwkBfsbna6AY%2FTUwOb95SjXs3Ev3Bw78gxp%2B8rF%2FwIKP29Z8khseeRBMxlBbOWC3NZTNjEfP1BUjiiFWGcNUUv8P73O%2Brlqxt8ztHknLhrJqvdikeYFBZP8ptlrGk%2FhIqI4yCpzwZAiAwX1jZhL3FSxLKJXKH05b4lRcN8jrpuy2Gcbq3p%2FksH%2Fq5ViTtOJqHT97cbFBWTXP1qz0z3tmA88rs8qVuTCRUMcrWJi8wVws3QapU3aZ1Ny5PpBMkvo%2Fcq%2BcN%2BeWOqTOJGBn%2FDOEWA%2FPe%2BufC9OgL085QNKWJMYD7F%2FZ6fZQwOUpc1jCdf%2FNvLLBBURTbq2ihPHeksX5V%2Fg2VYga2QuHMTi85Ng6oLHwqAF7fQ4wBI8s29qnUXs3z2g5IyOU9eRMX%2FYK0acKXPpOPRh%2BPLU6QLpPsut6x%2FtSgQWZmDDyUS0kmlUegLsTDpb9Mbqi7pD2iZDn2ZxEwa3aR2I5qu85hXQ1XSO4pIvvLEHl26nY4VYh5HAnABo5xibs3%2Bw0P3VzkpHnvu%2FF9XgATwEV8KNnFLoeTHWmryHHSw1qm%2BY3xlXc4nUOA4whALBRp%2BmtaKC0pKm0NWJ2%2BdyqaV0h5LCU9hvOju47u4TVpNO%2FB3CZUcQleTErQ%2BeFyktEU3UahumKO88J%2BEJADeosdCxpsUzfzvt2fcH0iYFS9Riw5xx0zkTadV%2BbtF2OUYv5Cmzdj2MbKqNNVqFDYp2ewn5ISztl13yqFSZkfJj6CznRhnJtyMmisfnExt%2BCu29pPnptAyHXooG%2BBaOlmSwWfF5DLppRTd2LXQVrARle8iYkLglDsgbjp5xKYnuZq214SkCqar0n56nDK3NGn0TdPwuK8DyYCWhE3XH5Vy2Jwn7aGlUb%2F0aHs2OtKcVygMUvmwoehXB1D1C45gZBN9NJQUg%2BP0gc0VbP1EqQ3u%2FmJBqOkEPNvs2lOzeK%2Bbeuc9OEV96%2BaJQ7XyjjzB%2BaNxXZUbg7mgW6DgVfZTe%2Fs%3D#polycard_client=search-nordic&tracking_id=4b04688c-843a-47d4-beff-bdf36088cd82&wid=MLB5329936258&sid=search
Notebook Hp 256r G9 Intel Core I3-1315u 15.6 Hd Intel Uhd Graphics 256gb Ssd 8gb Ram Windows 11 Home 64 Sl - AN1A2LA#AK4,3137.0,https://click1.mercadolivre.com.br/mclics/clicks/external/MLB/count?a=9HVo5Zfr4xvPM2IyGJmWf8Ss1hvzOI%2FfZjOwkBfsbna6AY%2FTUwOb95SjXs3Ev3Bw78gxp%2B8rF%2FwIKP29Z8khseeRBMxlBbOWC3NZTNjEfP1BUjiiFWGcNUUv8P73O%2Brlqxt8ztHknLhrJqvdikeYFBZP8ptlrGk%2FhIqI4yCpzwZAiAwX1jZhL3FSxLKJXKH05b4lRcN8jrpuy2Gcbq3p%2FksH%2Fq5ViTtOJqHT97cbFBWTXP1qz0z3tmA88rs8qVuTCRUMcrWJi8wVws3QapU3aZ1Ny5PpBMkvo%2Fcq%2BcN%2BeWOqTOJGBn%2FDOEWA%2FPe%2BufC9OgL085QNKWJMYD7F%2FZ6fZQwOUpc1jCdf%2FNvLLBBURTbq2ihPHeksX5V%2Fg2VYga2QuHMTi85Ng6oLHwqAF7fQ4wBI8s29qnUXs3z2g5IyOU9eRMX%2FYK0acKXPpOPRh%2BPLU6QLpPsut6x%2FtSgQWZmDDyUS0kmlUegLsTDpb9Mbqi7pD2iZDn2ZxEwa3aR2I5qu85hXQ1XSO4pIvvLEHl26nY4VYh5HAnABo5xibs3%2Bw0P3VzkpHnvu%2FF9XgATwEV8KNnFLoeTHWmryHHSw1qm%2BY3xlXc4nUOA4whALBRp%2BmtaKC0pKm0NWJ2%2BdyqaV0h5LCU9hvOju47u4TVpNO%2FB3CZUcQleTErQ%2BeFyktEU3UahumKO88J%2BEJADeosdCxpsUzfzvt2fcH0iYFS9Riw5xx0zkTadV%2BbtF2OUYv5Cmzdj2MbKqNNVqFDYp2ewn5ISztl13yqFSZkfJj6CznRhnJtyMmisfnExt%2BCu29pPnptAyHXooG%2BBaOlmSwWfF5DLppRTd2LXQVrARle8iYkLglDsgbjp5xKYnuZq214SkCqar0n56nDK3NGn0TdPwuK8DyYCWhE3XH5Vy2Jwn7aGlUb%2F0aHs2OtKcVygMUvmwoehXB1D1C45gZBN9NJQUg%2BP0gc0VbP1EqQ3u%2FmJBqOkEPNvs2lOzeK%2Bbeuc9OEV96%2BaJQ7XyjjzB%2BaNxXZUbg7mgW6DgVfZTe%2Fs%3D#polycard_client=search-nordic&tracking_id=4b04688c-843a-47d4-beff-bdf36088cd82&wid=MLB5329936258&sid=search
Notebook Dell Latitude 3410 i5-10210U de 8 GB e 256 GB W10pro 14 cores preto,3258.0,https://click1.mercadolivre.com.br/mclics/clicks/external/MLB/count?a=NhO%2BnGP5n7Zh6WXnegPMFknpmQN09tK06t6%2BwKwNdvpQvuv3yhnvH0evBT7R2FTqmKumZCC1OOG9YWzX6hGKPsyf8j6%2FBxhNQpQp%2FvNnBYTwqQMScNTFbfTypsMgrioZahb8NOe2H0CBiY6jxZwifAMabKY3iQSxvLY%2FbonenHZU%2BbdhMFNNqLDEzwPaR22YG19hBxQvg2pL1G2HeiLwkn99yQs7ZlxcuC1VJg8yKDUHsH26MXBgyrc7s%2FBGEtSBfV09sKwlLHJeVXtXruMYQ8SkWEByi1ByOajTNBPqLdJQPXDM2wWOXf0Ng8THgblQ%2FJ0YeruV1zjrjhTkw%2BvzKbWHi%2FaUDE%2FnFIeuqP66EPt%2FCAuCxbeDXVnNSdiY0sIoMBV4QicS4AIebmyvc19kNAUHFSJKga0WK9wBFC4SoSw5rg3eSO0MlnRrH2p%2BRzaI26lS%2BlfQdlO3FnACcJvAqSOeA58Bkpr7DNoUNGgJaeAzrSBCQD%2FoirrsTsizWFEI8MaY3nBaLfMam4RH3J0brq7GLRHAHrQuE3MdlKb4bad6QO0nNHK4%2F%2BR7ldRSl4JqKVUjvTI4ixlZSwgONLSKT4uCUXurdy8pX%2FYwnwc%2Bh2SgWIiaZx8iskZAx6UGQ3vVrSc2jcsl%2B2MsOzrAZJC747NjFxonzokzLWBg65VHgG5jZrQ%2Bo2jZtg53P7yjvui2uUS3eWIGjRNIqqjva%2B8FjZ7RPSmRBuVIdbGAmoZAYiKA%2FbyWFdgoNtYQW8yZDirlqpvzY5h2ZSGOXcIXp9i0IMFCaj3LuIjrdgKVJjjfRKpIlKh%2F42XE%2BGO4N89Fb5MguVzR6pjLZ55J2LyvwH1UaxOBfBoa8s%2F4osDM%2BtbdP0T7u63UdsLpyET2mX2z%2BZM1otVY%2FQzoxtWVHf08U7owefZYGKkPf6fnCU8p4WPuTtnFE5orU0OxbHthx7PxUk5whjjZVaOer2XLTG7Usd0NwqN6RFhKxt0%3D#polycard_client=search-nordic&tracking_id=42adfcd1-b592-42ae-924c-04308e42f9b6&wid=MLB5284986792&sid=search
Notebook Dell Latitude 3410 i5-10210U de 8 GB e 256 GB W10pro 14 cores preto,3258.0,https://click1.mercadolivre.com.br/mclics/clicks/external/MLB/count?a=NhO%2BnGP5n7Zh6WXnegPMFknpmQN09tK06t6%2BwKwNdvpQvuv3yhnvH0evBT7R2FTqmKumZCC1OOG9YWzX6hGKPsyf8j6%2FBxhNQpQp%2FvNnBYTwqQMScNTFbfTypsMgrioZahb8NOe2H0CBiY6jxZwifAMabKY3iQSxvLY%2FbonenHZU%2BbdhMFNNqLDEzwPaR22YG19hBxQvg2pL1G2HeiLwkn99yQs7ZlxcuC1VJg8yKDUHsH26MXBgyrc7s%2FBGEtSBfV09sKwlLHJeVXtXruMYQ8SkWEByi1ByOajTNBPqLdJQPXDM2wWOXf0Ng8THgblQ%2FJ0YeruV1zjrjhTkw%2BvzKbWHi%2FaUDE%2FnFIeuqP66EPt%2FCAuCxbeDXVnNSdiY0sIoMBV4QicS4AIebmyvc19kNAUHFSJKga0WK9wBFC4SoSw5rg3eSO0MlnRrH2p%2BRzaI26lS%2BlfQdlO3FnACcJvAqSOeA58Bkpr7DNoUNGgJaeAzrSBCQD%2FoirrsTsizWFEI8MaY3nBaLfMam4RH3J0brq7GLRHAHrQuE3MdlKb4bad6QO0nNHK4%2F%2BR7ldRSl4JqKVUjvTI4ixlZSwgONLSKT4uCUXurdy8pX%2FYwnwc%2Bh2SgWIiaZx8iskZAx6UGQ3vVrSc2jcsl%2B2MsOzrAZJC747NjFxonzokzLWBg65VHgG5jZrQ%2Bo2jZtg53P7yjvui2uUS3eWIGjRNIqqjva%2B8FjZ7RPSmRBuVIdbGAmoZAYiKA%2FbyWFdgoNtYQW8yZDirlqpvzY5h2ZSGOXcIXp9i0IMFCaj3LuIjrdgKVJjjfRKpIlKh%2F42XE%2BGO4N89Fb5MguVzR6pjLZ55J2LyvwH1UaxOBfBoa8s%2F4osDM%2BtbdP0T7u63UdsLpyET2mX2z%2BZM1otVY%2FQzoxtWVHf08U7owefZYGKkPf6fnCU8p4WPuTtnFE5orU0OxbHthx7PxUk5whjjZVaOer2XLTG7Usd0NwqN6RFhKxt0%3D#polycard_client=search-nordic&tracking_id=42adfcd1-b592-42ae-924c-04308e42f9b6&wid=MLB5284986792&sid=search
"Notebook Positivo Vision C15 Lumina Bar Celeron, 8GB 128GB eMMC, Tela 15.6"" HD Antirreflexo, Windows 11, Tecla Link, Cinza",3331.0,https://www.mercadolivre.com.br/notebook-positivo-vision-c15-lumina-bar-celeron-8gb-128gb-emmc-tela-156-hd-antirreflexo-windows-11-tecla-link-cinza/p/MLB37039056#polycard_client=search-nordic&searchVariation=MLB37039056&wid=MLB4710185340&position=8&search_layout=grid&type=product&tracking_id=0d9ff19c-533e-4cc7-90e2-27429f93c1b1&sid=search
"Notebook Positivo Vision C15 Lumina Bar Celeron, 8GB 128GB eMMC, Tela 15.6"" HD Antirreflexo, Windows 11, Tecla Link, Cinza",3331.0,https://www.mercadolivre.com.br/notebook-positivo-vision-c15-lumina-bar-celeron-8gb-128gb-emmc-tela-156-hd-antirreflexo-windows-11-tecla-link-cinza/p/MLB37039056#polycard_client=search-nordic&searchVariation=MLB37039056&wid=MLB4710185340&position=8&search_layout=grid&type=product&tracking_id=0d9ff19c-533e-4cc7-90e2-27429f93c1b1&sid=search
"Notebook Positivo Vision C15 Lumina Bar Celeron, 8GB 128GB eMMC, Tela 15.6"" HD Antirreflexo, Windows 11, Tecla Link, Cinza",3331.0,https://www.mercadolivre.com.br/notebook-positivo-vision-c15-lumina-bar-celeron-8gb-128gb-emmc-tela-156-hd-antirreflexo-windows-11-tecla-link-cinza/p/MLB37039056#polycard_client=search-nordic&searchVariation=MLB37039056&wid=MLB4710185340&position=17&search_layout=grid&type=product&tracking_id=4b04688c-843a-47d4-beff-bdf36088cd82&sid=search
"Notebook Positivo Vision C15 Lumina Bar Celeron, 8GB 128GB eMMC, Tela 15.6"" HD Antirreflexo, Windows 11, Tecla Link, Cinza",3331.0,https://www.mercadolivre.com.br/notebook-positivo-vision-c15-lumina-bar-celeron-8gb-128gb-emmc-tela-156-hd-antirreflexo-windows-11-tecla-link-cinza/p/MLB37039056#polycard_client=search-nordic&searchVariation=MLB37039056&wid=MLB4710185340&position=17&search_layout=grid&type=product&tracking_id=4b04688c-843a-47d4-beff-bdf36088cd82&sid=search
"Notebook Asus Vivobook Go 15 E1504fa Amd Ryzen 5 7520u 16gb Ram 512gb Ssd Linux Keepos Tela 15,6 Led Fhd Black - Nj1288",3599.0,https://www.mercadolivre.com.br/notebook-asus-vivobook-go-15-e1504fa-amd-ryzen-5-7520u-16gb-ram-512gb-ssd-linux-keepos-tela-156-led-fhd-black-nj1288/p/MLB43417665#polycard_client=search-nordic&searchVariation=MLB43417665&wid=MLB3914161563&position=4&search_layout=grid&type=product&tracking_id=d450d6e5-b890-4d75-9f82-934caf15e204&sid=search
"Notebook Asus Vivobook Go 15 E1504fa Amd Ryzen 5 7520u 16gb Ram 512gb Ssd Linux Keepos Tela 15,6 Led Fhd Black - Nj1288",3599.0,https://www.mercadolivre.com.br/notebook-asus-vivobook-go-15-e1504fa-amd-ryzen-5-7520u-16gb-ram-512gb-ssd-linux-keepos-tela-156-led-fhd-black-nj1288/p/MLB43417665#polycard_client=search-nordic&searchVariation=MLB43417665&wid=MLB3914161563&position=4&search_layout=grid&type=product&tracking_id=d450d6e5-b890-4d75-9f82-934caf15e204&sid=search
Notebook Hp 256r G9 Intel Core I5-1335u 15.6 Hd Intel® Iris Xe Graphics 256gb Ssd 16gb Ram Windows 11 Home Pls Sl- Ay6z5la#ak4,3803.0,https://click1.mercadolivre.com.br/mclics/clicks/external/MLB/count?a=0JdaZTdEdFbpsjbZgoMmDB2wdWcMGvxBDwXvVUVp9tleKZXXEf%2F%2BbaAjAutYuOIHy5YlruYVDv5rid10uMBNxY4v5oE5MCNrRxJMwIz3kglWdSiD3%2Fgt431JT%2FMoT7pp8TqDcHZFZl5fNoN0FR4SIvysdmX0osVEy0xRRj2KBhPMaK1G69FTU6IhZaUwjxJKZ0fYDshhVFcmtZa93s80plwl%2F1hrH1dT2amPvNCdYM7fpWdb1imJBBJcF3EwfdK1QfzgDhrEt%2BapvvMHfMlF8xogdwKi9t22HqYtQP5ZQVuKx6rdQdmushZNSzSpDEr0R2vwM4MfooH1HxmbY3adfeCZoH4hngTsl%2FwZBDqrb6a907eBGEy2s6lRpw%2FIzReie4NlSBlNRLGmc6jpbOPgboYyO7X6u%2B%2FmAarJhDAo9R8gqPY%2FxD0LM2E8GRJse6ZV5V%2FkVu24Gp1ntOVUhSV3hHo7D9bKq%2BA%2BDKHYmLl1z7dDy3L%2Fz9xLh9eeBswXh0DOQSmn71jYzDrAPbSBUVEMqYBMmU9gpt1C1sR2FmUCvYeJ%2BLBrRMhoMgPx6WoD48VCtogHIBEyB8hAP3QW8UZUYX%2BbHjKYgSV7g3sThWZdyW%2B7LI1JNWeluTraLoPSl%2FPUORHMJ%2FBANeAuqcTS%2BiukPYb9wIeKWfrbKkmlzR17%2BTXiXUGQf9OkJhtf%2BTMoHQSU1V0W6rZ0Kudx3TE2E3DUWrKMPiTFz2fK8M153HdvPXOcyCw09oZIiyIqSWIKZughaAdHDyiqbYWNz04WnmyqqsBf8%2FNThFgwuYmTVcf1YSPGzM6rVu8knZ23BslD6f9axBvKwYWKGDJb8m%2BbW63N5EatDjAtHuYw2a6LUGSbu9QGyT044UfIhPrtXbkBKG%2BS4H80bs78Ukks0hQ9TAoRL5Nmj2IM23klfFaPoY6fOEzrBOuVyqN%2BZVqaMNWZVH6gYnbI8B5pUUn3YKfKlRzclJYRf67kF7GqciuZAvF2Nf1TDWLpHAi5D6YkMLnnpZf1mqZQaPJMMykYVZwQxrc%3D#polycard_client=search-nordic&tracking_id=4b04688c-843a-47d4-beff-bdf36088cd82&wid=MLB5329889772&sid=search
Notebook Hp 256r G9 Intel Core I5-1335u 15.6 Hd Intel® Iris Xe Graphics 256gb Ssd 16gb Ram Windows 11 Home Pls Sl- Ay6z5la#ak4,3803.0,https://click1.mercadolivre.com.br/mclics/clicks/external/MLB/count?a=0JdaZTdEdFbpsjbZgoMmDB2wdWcMGvxBDwXvVUVp9tleKZXXEf%2F%2BbaAjAutYuOIHy5YlruYVDv5rid10uMBNxY4v5oE5MCNrRxJMwIz3kglWdSiD3%2Fgt431JT%2FMoT7pp8TqDcHZFZl5fNoN0FR4SIvysdmX0osVEy0xRRj2KBhPMaK1G69FTU6IhZaUwjxJKZ0fYDshhVFcmtZa93s80plwl%2F1hrH1dT2amPvNCdYM7fpWdb1imJBBJcF3EwfdK1QfzgDhrEt%2BapvvMHfMlF8xogdwKi9t22HqYtQP5ZQVuKx6rdQdmushZNSzSpDEr0R2vwM4MfooH1HxmbY3adfeCZoH4hngTsl%2FwZBDqrb6a907eBGEy2s6lRpw%2FIzReie4NlSBlNRLGmc6jpbOPgboYyO7X6u%2B%2FmAarJhDAo9R8gqPY%2FxD0LM2E8GRJse6ZV5V%2FkVu24Gp1ntOVUhSV3hHo7D9bKq%2BA%2BDKHYmLl1z7dDy3L%2Fz9xLh9eeBswXh0DOQSmn71jYzDrAPbSBUVEMqYBMmU9gpt1C1sR2FmUCvYeJ%2BLBrRMhoMgPx6WoD48VCtogHIBEyB8hAP3QW8UZUYX%2BbHjKYgSV7g3sThWZdyW%2B7LI1JNWeluTraLoPSl%2FPUORHMJ%2FBANeAuqcTS%2BiukPYb9wIeKWfrbKkmlzR17%2BTXiXUGQf9OkJhtf%2BTMoHQSU1V0W6rZ0Kudx3TE2E3DUWrKMPiTFz2fK8M153HdvPXOcyCw09oZIiyIqSWIKZughaAdHDyiqbYWNz04WnmyqqsBf8%2FNThFgwuYmTVcf1YSPGzM6rVu8knZ23BslD6f9axBvKwYWKGDJb8m%2BbW63N5EatDjAtHuYw2a6LUGSbu9QGyT044UfIhPrtXbkBKG%2BS4H80bs78Ukks0hQ9TAoRL5Nmj2IM23klfFaPoY6fOEzrBOuVyqN%2BZVqaMNWZVH6gYnbI8B5pUUn3YKfKlRzclJYRf67kF7GqciuZAvF2Nf1TDWLpHAi5D6YkMLnnpZf1mqZQaPJMMykYVZwQxrc%3D#polycard_client=search-nordic&tracking_id=4b04688c-843a-47d4-beff-bdf36088cd82&wid=MLB5329889772&sid=search
"Notebook Samsung Galaxy Book4 Intel® U300 (1.20 Ghz, até 4.4GHz, 8 MB L3 Cache), Windows 11 Home, 8GB, 256GB SSD, UHD Graphics, 15.6'' Full HD LED, 1.55kg",3855.0,https://click1.mercadolivre.com.br/mclics/clicks/external/MLB/count?a=FnpKN9pZR6XI35LKyeo2jpjdqO2LpEdJCKzEzWvfnuMWhdnjVNkNreF2kdchBsvhFo6lU1vF014ettuIMqSVrSk7utLcZnTmXjCxvVkm83aEdm0JSP2ONd6XGaDFOdbr9bbqhuJB145Yxau1ICa8N5HyBfioCXPYupqtrq5qD0X%2FJpwFPmtUWX1j6wK9ZIcO2S5MfdhL5MVAjnzshqaPkldlAdhR%2FoUewOHafQtUfTctybbZgndztAnA%2BPfY3wYuzBro%2FbUUUfschfgsGk9T8d1Muvgsktg%2FV8GvOSctsJpsBoXDaeQA1w1XKlM4zY5oXZVC%2BM%2BnmejH1KC7%2F0a56oZJhFL7XNYQuSFzIb9i8UawWlK0%2Bf8d0xoE3xaD%2BdM78qxVL8MSASwRL2XC%2BITDg3wkM%2BJeG7RWC1jNFuEwnC7QRKZe7RSxaknj0K0S6WMF3%2FFwa6x0ku0vuZGIznUXlMo3Mst6FIbAx1FdQwjKtZkVFhEItYtI9AWbTw6z7W%2BiCFghIOeVZZipT6GrtXHIMNa4ecOBs4xre%2BxGdx3um9VOETiWW5%2Fx4O4fal%2BAWMrVh389NJDvBtOWheTqbpSZLF2AJHO9X9%2BUpY4MFXS4YgHsTiWhbaTpo3fASKoQ%2BpI1PJFvBepcBRfn6Zi8MIv9JLdbkS2u4%2FsGLIggdIq9EcizRXSZ1dqQUVvG%2BVB06icdbjCiHdHMuDsReWUDRF3F6mk0sAi9eQVhSmWHBI6%2B%2F5G04mEBmKv69Fe65EmwETEUemuo5Uub2FKlJZgx1Tl09ldtZg6FeY%2B7qdYV048KjO%2FXwIwFeS9Gg3KwRYBr93Kbr3hbBNpwkrZaXrNjBn8uWH27HYNisQowIWUOZ4tCXqBwx4w8YoC7XDQkFvoOe4li17mv7AxUruRkA6hyEURuvMHfYLy9TLg%2BwSLcCTYiEaSil%2BN0A358Vg4Gfqh4Ho05Gh93fGs6dsdzQW4qE60s9PwkJDWJIcehOiDHx6jAsvHHSArrXVTO2NYlvExewNXyJsqzk5a5nhtUru2QNoow%2F496KzGhkOVU7WJu4cY%3D#polycard_client=search-nordic&tracking_id=0d9ff19c-533e-4cc7-90e2-27429f93c1b1&wid=MLB5194930972&sid=search
"Notebook Samsung Galaxy Book4 Intel® U300 (1.20 Ghz, até 4.4GHz, 8 MB L3 Cache), Windows 11 Home, 8GB, 256GB SSD, UHD Graphics, 15.6'' Full HD LED, 1.55kg",3855.0,https://click1.mercadolivre.com.br/mclics/clicks/external/MLB/count?a=FnpKN9pZR6XI35LKyeo2jpjdqO2LpEdJCKzEzWvfnuMWhdnjVNkNreF2kdchBsvhFo6lU1vF014ettuIMqSVrSk7utLcZnTmXjCxvVkm83aEdm0JSP2ONd6XGaDFOdbr9bbqhuJB145Yxau1ICa8N5HyBfioCXPYupqtrq5qD0X%2FJpwFPmtUWX1j6wK9ZIcO2S5MfdhL5MVAjnzshqaPkldlAdhR%2FoUewOHafQtUfTctybbZgndztAnA%2BPfY3wYuzBro%2FbUUUfschfgsGk9T8d1Muvgsktg%2FV8GvOSctsJpsBoXDaeQA1w1XKlM4zY5oXZVC%2BM%2BnmejH1KC7%2F0a56oZJhFL7XNYQuSFzIb9i8UawWlK0%2Bf8d0xoE3xaD%2BdM78qxVL8MSASwRL2XC%2BITDg3wkM%2BJeG7RWC1jNFuEwnC7QRKZe7RSxaknj0K0S6WMF3%2FFwa6x0ku0vuZGIznUXlMo3Mst6FIbAx1FdQwjKtZkVFhEItYtI9AWbTw6z7W%2BiCFghIOeVZZipT6GrtXHIMNa4ecOBs4xre%2BxGdx3um9VOETiWW5%2Fx4O4fal%2BAWMrVh389NJDvBtOWheTqbpSZLF2AJHO9X9%2BUpY4MFXS4YgHsTiWhbaTpo3fASKoQ%2BpI1PJFvBepcBRfn6Zi8MIv9JLdbkS2u4%2FsGLIggdIq9EcizRXSZ1dqQUVvG%2BVB06icdbjCiHdHMuDsReWUDRF3F6mk0sAi9eQVhSmWHBI6%2B%2F5G04mEBmKv69Fe65EmwETEUemuo5Uub2FKlJZgx1Tl09ldtZg6FeY%2B7qdYV048KjO%2FXwIwFeS9Gg3KwRYBr93Kbr3hbBNpwkrZaXrNjBn8uWH27HYNisQowIWUOZ4tCXqBwx4w8YoC7XDQkFvoOe4li17mv7AxUruRkA6hyEURuvMHfYLy9TLg%2BwSLcCTYiEaSil%2BN0A358Vg4Gfqh4Ho05Gh93fGs6dsdzQW4qE60s9PwkJDWJIcehOiDHx6jAsvHHSArrXVTO2NYlvExewNXyJsqzk5a5nhtUru2QNoow%2F496KzGhkOVU7WJu4cY%3D#polycard_client=search-nordic&tracking_id=0d9ff19c-533e-4cc7-90e2-27429f93c1b1&wid=MLB5194930972&sid=search
"Notebook Samsung Galaxy Book4 Intel® U300 (1.20 Ghz, até 4.4GHz, 8 MB L3 Cache), Windows 11 Home, 8GB, 256GB SSD, UHD Graphics, 15.6'' Full HD LED, 1.55kg",3855.0,https://click1.mercadolivre.com.br/mclics/clicks/external/MLB/count?a=u7xsWxVneS%2Fdu9r8oBq0WORPedVVbkHVCLQ4RU62lFJ8t7aXYD3mxqiRlvBXbgYWsIKRE%2BNyhyYiAQElA8DBsStNic4F%2FlSTJrFIWVt5PTv9aemorkuHeOeEz92apvYUrdv6nlE0Izy7uNrr0gLCskk9wjitxDdLf6mNQmy9bIjijFKecEGhrDHbVsYZWB%2FRjvSgdt33jA2UFJf%2Fg8Ty2WwLnwI2cWJ7u1BpEbHLodc3NAqTgDSQZwkPhXcR5Ef%2F4gUCwe0Lnmte2a6S3xVoGea6eXYdXcVHYub7zN8J78LElZa3Tb3mKZz%2FV3Voxswhqhuj7M3a7QGVk%2F2hQEpxs5ID0UnYG5eXDv7X61aO%2FOJpT8XaqQNI0NC25oZYxR9V05tN9um%2Bi0EC%2B2NS0Qq6c7x7DC2Ki0qG55LiEyEjnBo9Kzkvfi%2B9izkUxVIJr06fD6Y80QPMf8%2FqE%2B9k65pwCdA5cen%2FETIeCxINRcn%2FauiIAkkMobDtYjqgNf9NFxNtT3OyPhXO70RVOTjcj%2FOiVPJb7ZkaPYlsz3R9T8w4%2BD0c2laaMIWd9KLVTLzc2HxxugDQxyq8gixmvvIntSE34Srx%2BZ9f2zqHudgSomYOHyGLGfBj4OgEayHr%2Bm4sGzhmfQjbQ5kvR9%2FiK3SuA%2FF%2BkUHJUKPeDYAVRDtLene%2B1qpCRyOBxVrwkEzm5nCC6vqKpqz7Vq9z6XPWJ2tUCv3TaDEdEVzdKPZOn5Gsav%2BUG8LLuXSz8efEwMygEpVwEwhJ2Pq3c7zlff7fcL0FbW1yFgB6uRaW3xsmHPGcgB%2FfE9THXeDg21BoiUMJpk2IehJFKOxCoMCiZfVbULOcNR4flJQzqtl%2BiXCm3DHGzCgD6s%2FNvTM%2BsJnYgF7E6%2BozHNzDYv1%2Fg94ZGjZtGaklxwhuXKVLYTJZYXVm3LmIUGMEmkgcGdeKp64Dw%2F8kRA40vybAMi5cdb6%2BVQM90pCjZjFj6e4vkD%2BbOhjDrg05ewjgYmNtsUhA04Jn7zD6Ml1jBt%2F0dglyQGFS9atCIPz98Q0LDCJI4RPDhjgsEn9i#polycard_client=search-nordic&tracking_id=4b04688c-843a-47d4-beff-bdf36088cd82&wid=MLB5194930972&sid=search
"Notebook Samsung Galaxy Book4 Intel® U300 (1.20 Ghz, até 4.4GHz, 8 MB L3 Cache), Windows 11 Home, 8GB, 256GB SSD, UHD Graphics, 15.6'' Full HD LED, 1.55kg",3855.0,https://click1.mercadolivre.com.br/mclics/clicks/external/MLB/count?a=u7xsWxVneS%2Fdu9r8oBq0WORPedVVbkHVCLQ4RU62lFJ8t7aXYD3mxqiRlvBXbgYWsIKRE%2BNyhyYiAQElA8DBsStNic4F%2FlSTJrFIWVt5PTv9aemorkuHeOeEz92apvYUrdv6nlE0Izy7uNrr0gLCskk9wjitxDdLf6mNQmy9bIjijFKecEGhrDHbVsYZWB%2FRjvSgdt33jA2UFJf%2Fg8Ty2WwLnwI2cWJ7u1BpEbHLodc3NAqTgDSQZwkPhXcR5Ef%2F4gUCwe0Lnmte2a6S3xVoGea6eXYdXcVHYub7zN8J78LElZa3Tb3mKZz%2FV3Voxswhqhuj7M3a7QGVk%2F2hQEpxs5ID0UnYG5eXDv7X61aO%2FOJpT8XaqQNI0NC25oZYxR9V05tN9um%2Bi0EC%2B2NS0Qq6c7x7DC2Ki0qG55LiEyEjnBo9Kzkvfi%2B9izkUxVIJr06fD6Y80QPMf8%2FqE%2B9k65pwCdA5cen%2FETIeCxINRcn%2FauiIAkkMobDtYjqgNf9NFxNtT3OyPhXO70RVOTjcj%2FOiVPJb7ZkaPYlsz3R9T8w4%2BD0c2laaMIWd9KLVTLzc2HxxugDQxyq8gixmvvIntSE34Srx%2BZ9f2zqHudgSomYOHyGLGfBj4OgEayHr%2Bm4sGzhmfQjbQ5kvR9%2FiK3SuA%2FF%2BkUHJUKPeDYAVRDtLene%2B1qpCRyOBxVrwkEzm5nCC6vqKpqz7Vq9z6XPWJ2tUCv3TaDEdEVzdKPZOn5Gsav%2BUG8LLuXSz8efEwMygEpVwEwhJ2Pq3c7zlff7fcL0FbW1yFgB6uRaW3xsmHPGcgB%2FfE9THXeDg21BoiUMJpk2IehJFKOxCoMCiZfVbULOcNR4flJQzqtl%2BiXCm3DHGzCgD6s%2FNvTM%2BsJnYgF7E6%2BozHNzDYv1%2Fg94ZGjZtGaklxwhuXKVLYTJZYXVm3LmIUGMEmkgcGdeKp64Dw%2F8kRA40vybAMi5cdb6%2BVQM90pCjZjFj6e4vkD%2BbOhjDrg05ewjgYmNtsUhA04Jn7zD6Ml1jBt%2F0dglyQGFS9atCIPz98Q0LDCJI4RPDhjgsEn9i#polycard_client=search-nordic&tracking_id=4b04688c-843a-47d4-beff-bdf36088cd82&wid=MLB5194930972&sid=search
Notebook Para Jogos Hp Victus 15.6 144 Hz Fhd E Ryzen 5 7535,4643.0,https://www.mercadolivre.com.br/laptop-hp-victus-156-144hz-ryzen-5-32-gb-ram-1tb-ssd/p/MLB2014203427#polycard_client=search-nordic&searchVariation=MLB2014203427&wid=MLB5354251030&position=8&search_layout=grid&type=product&tracking_id=d450d6e5-b890-4d75-9f82-934caf15e204&sid=search
Notebook Para Jogos Hp Victus 15.6 144 Hz Fhd E Ryzen 5 7535,4643.0,https://www.mercadolivre.com.br/laptop-hp-victus-156-144hz-ryzen-5-32-gb-ram-1tb-ssd/p/MLB2014203427#polycard_client=search-nordic&searchVariation=MLB2014203427&wid=MLB5354251030&position=8&search_layout=grid&type=product&tracking_id=d450d6e5-b890-4d75-9f82-934caf15e204&sid=search
"Notebook Samsung Galaxy Book4 Intel® Core™ i5-1335U (1.3 Ghz, até 4.6GHz, 12 MB L3 Cache), Windows 11 Home, 8GB, 512GB SSD, Iris Xe, 15.6'' Full HD LED, 1.55kg",5831.0,https://www.mercadolivre.com.br/notebook-samsung-galaxy-book4-intel-core-i5-1335u-13-ghz-ate-46ghz-12-mb-l3-cache-windows-11-home-8gb-512gb-ssd-iris-xe-156-full-hd-led-155kg/p/MLB37044038#polycard_client=search-nordic&searchVariation=MLB37044038&backend_model=search-backend&wid=MLB3964026507&position=4&search_layout=grid&type=product&tracking_id=0d9ff19c-533e-4cc7-90e2-27429f93c1b1&sid=search
"Notebook Samsung Galaxy Book4 Intel® Core™ i5-1335U (1.3 Ghz, até 4.6GHz, 12 MB L3 Cache), Windows 11 Home, 8GB, 512GB SSD, Iris Xe, 15.6'' Full HD LED, 1.55kg",5831.0,https://www.mercadolivre.com.br/notebook-samsung-galaxy-book4-intel-core-i5-1335u-13-ghz-ate-46ghz-12-mb-l3-cache-windows-11-home-8gb-512gb-ssd-iris-xe-156-full-hd-led-155kg/p/MLB37044038#polycard_client=search-nordic&searchVariation=MLB37044038&backend_model=search-backend&wid=MLB3964026507&position=4&search_layout=grid&type=product&tracking_id=0d9ff19c-533e-4cc7-90e2-27429f93c1b1&sid=search
"Notebook Samsung Galaxy Book4 Intel® Core™ i5-1335U (1.3 Ghz, até 4.6GHz, 12 MB L3 Cache), Windows 11 Home, 8GB, 512GB SSD, Iris Xe, 15.6'' Full HD LED, 1.55kg",5831.0,https://www.mercadolivre.com.br/notebook-samsung-galaxy-book4-intel-core-i5-1335u-13-ghz-ate-46ghz-12-mb-l3-cache-windows-11-home-8gb-512gb-ssd-iris-xe-156-full-hd-led-155kg/p/MLB37044038#polycard_client=search-nordic&searchVariation=MLB37044038&wid=MLB3964026507&position=8&search_layout=grid&type=product&tracking_id=4b04688c-843a-47d4-beff-bdf36088cd82&sid=search
"Notebook Samsung Galaxy Book4 Intel® Core™ i5-1335U (1.3 Ghz, até 4.6GHz, 12 MB L3 Cache), Windows 11 Home, 8GB, 512GB SSD, Iris Xe, 15.6'' Full HD LED, 1.55kg",5831.0,https://www.mercadolivre.com.br/notebook-samsung-galaxy-book4-intel-core-i5-1335u-13-ghz-ate-46ghz-12-mb-l3-cache-windows-11-home-8gb-512gb-ssd-iris-xe-156-full-hd-led-155kg/p/MLB37044038#polycard_client=search-nordic&searchVariation=MLB37044038&wid=MLB3964026507&position=8&search_layout=grid&type=product&tracking_id=4b04688c-843a-47d4-beff-bdf36088cd82&sid=search
Notebook Dell 15.6 Fhd I5 8gb 512gb Ssd Rtx 3050,5999.0,https://www.mercadolivre.com.br/notebook-dell-156-fhd-i5-8gb-512gb-ssd-rtx-3050/p/MLB41533294#polycard_client=search-nordic&searchVariation=MLB41533294&wid=MLB4001524835&position=9&search_layout=grid&type=product&tracking_id=d450d6e5-b890-4d75-9f82-934caf15e204&sid=search
Notebook Dell 15.6 Fhd I5 8gb 512gb Ssd Rtx 3050,5999.0,https://www.mercadolivre.com.br/notebook-dell-156-fhd-i5-8gb-512gb-ssd-rtx-3050/p/MLB41533294#polycard_client=search-nordic&searchVariation=MLB41533294&wid=MLB4001524835&position=9&search_layout=grid&type=product&tracking_id=d450d6e5-b890-4d75-9f82-934caf15e204&sid=search
Notebook Dell Xps 9320 I7 1260p 32gb Ram Cor Cinza,11026.0,https://click1.mercadolivre.com.br/mclics/clicks/external/MLB/count?a=pSXXz55XSGllzvcuu0mR71%2Fm2aPsdJ4d8JCcp77DfTu6dKSe0EDLuWBlJxJBg%2BBHNivJ%2BrwtjZJ3r%2FXE76VrPRoEeogUAcXyDDd42ul%2BYxmqiDSaYEMP8JqMx%2FOFn%2BwXo7Ul5Cn2Sn2i%2BpVWqvKXTvTKl3ZuNsqwzLRVA7HqKdkY752Opt20oFjiRkjInaGPtTDlJ10lIgZDBb1i9l%2BX5h4xvPmv%2Bh8EmxUUWABzN3Z5G6mY34XTdibE7F57YWQ6laZvFjKZQIte%2BOxCZJ4DQAAdOBMuaCKPju%2B3SNvZgy9e1LJrKI%2Fs6MlkFKYonlIPxQT44ZmTZcO9tg3cqmy6H2ABJXEVroZD7AzaczQyxY%2FCc4qjPu75U%2BczBBeW4B1gsjYip7wPJ%2BHh3qMe7IRK4PKq%2B2Mi22bdF3%2FiPi9YP4aIM%2FIsotBL1%2BY%2FrzfkZnGKxm9Yl4lqScw0bummhRxaFAKcaOom7AoAe3AnQTWEsGqJ9aC1fZAQ0lO%2FWIIomE2JYe6glP%2FYDhAWS8pbuLEiwMBoc%2FGVmreEpu7aGaZu2HFWEOM155U7neiDG6ZAqLObSYqxQMzSPySa%2FizuauMrwkU4%2BRbggac4iw7uQNuCNQxPwYecMAnzpxPNKSPIYrLAardcKzDmCmKgMrvYaVS9ptLC6C1E8W4qSpVzMhkp50cP6dAvF4Rb8iMQkoZkNZp0fIngSK0eu3cXRILvLyGunkz1cMYLq8s%2BG6dHmZkUwFfjgkes8DtAMIKDgZEw%2Fj5l4IyLMJ8ysJhwRp%2B7DTmDK%2FD0w%2B5H7ZrOK2gPmaLh1b7WTVoEIWVOc2FDF8W12J%2BTuUdIpJArLVoLyvYum7K%2FAD1muJbFrEKxxU5rSmvDwlUDCq0d2ubvtbq9%2F3gUKVJmCxkXRu2l%2F0WLJ0IulXxPrfC6VBQ7bNAys19O%2FXqxChYSk9rUrA%3D%3D&searchVariation=186754187505#polycard_client=search-nordic&tracking_id=42adfcd1-b592-42ae-924c-04308e42f9b6
Notebook Dell Xps 9320 I7 1260p 32gb Ram Cor Cinza,11026.0,https://click1.mercadolivre.com.br/mclics/clicks/external/MLB/count?a=pSXXz55XSGllzvcuu0mR71%2Fm2aPsdJ4d8JCcp77DfTu6dKSe0EDLuWBlJxJBg%2BBHNivJ%2BrwtjZJ3r%2FXE76VrPRoEeogUAcXyDDd42ul%2BYxmqiDSaYEMP8JqMx%2FOFn%2BwXo7Ul5Cn2Sn2i%2BpVWqvKXTvTKl3ZuNsqwzLRVA7HqKdkY752Opt20oFjiRkjInaGPtTDlJ10lIgZDBb1i9l%2BX5h4xvPmv%2Bh8EmxUUWABzN3Z5G6mY34XTdibE7F57YWQ6laZvFjKZQIte%2BOxCZJ4DQAAdOBMuaCKPju%2B3SNvZgy9e1LJrKI%2Fs6MlkFKYonlIPxQT44ZmTZcO9tg3cqmy6H2ABJXEVroZD7AzaczQyxY%2FCc4qjPu75U%2BczBBeW4B1gsjYip7wPJ%2BHh3qMe7IRK4PKq%2B2Mi22bdF3%2FiPi9YP4aIM%2FIsotBL1%2BY%2FrzfkZnGKxm9Yl4lqScw0bummhRxaFAKcaOom7AoAe3AnQTWEsGqJ9aC1fZAQ0lO%2FWIIomE2JYe6glP%2FYDhAWS8pbuLEiwMBoc%2FGVmreEpu7aGaZu2HFWEOM155U7neiDG6ZAqLObSYqxQMzSPySa%2FizuauMrwkU4%2BRbggac4iw7uQNuCNQxPwYecMAnzpxPNKSPIYrLAardcKzDmCmKgMrvYaVS9ptLC6C1E8W4qSpVzMhkp50cP6dAvF4Rb8iMQkoZkNZp0fIngSK0eu3cXRILvLyGunkz1cMYLq8s%2BG6dHmZkUwFfjgkes8DtAMIKDgZEw%2Fj5l4IyLMJ8ysJhwRp%2B7DTmDK%2FD0w%2B5H7ZrOK2gPmaLh1b7WTVoEIWVOc2FDF8W12J%2BTuUdIpJArLVoLyvYum7K%2FAD1muJbFrEKxxU5rSmvDwlUDCq0d2ubvtbq9%2F3gUKVJmCxkXRu2l%2F0WLJ0IulXxPrfC6VBQ7bNAys19O%2FXqxChYSk9rUrA%3D%3D&searchVariation=186754187505#polycard_client=search-nordic&tracking_id=42adfcd1-b592-42ae-924c-04308e42f9b6
